Rk		Name	Team	Age	Pos	GP	G	A	P	PIM	+/-	TOI	ES	PP	SH	ESG	PPG	SHG	GWG	OTG	ESA	PPA	SHA	GWA	OTA	ESP	PPP	SHP	GWP	OTP	PPP%	G/60	A/60	P/60	ESG/60	ESA/60	ESP/60	PPG/60	PPA/60	PPP/60	G/GP	A/GP	P/GP	SHOTS	SH%	HITS	BS	FOW	FOL	FO%
1	CA	Nikita Kucherov	TBL	31	F	30	14	32	46	16	13	20:21	16:41	3:39	0:00	9	5	0	3	0	21	11	0	5	0	30	16	0	8	0	34.8%	1.376	3.145	4.520	1.078	2.516	3.595	2.731	6.007	8.738	0.467	1.067	1.533	97	14.4%	4	16	1	1	50.00%
2	CA	David Pastrnak	BOS	28	F	29	19	26	45	14	6	20:41	17:40	2:58	0:01	16	3	0	0	0	20	6	0	3	0	36	9	0	3	0	20.0%	1.900	2.600	4.501	1.873	2.341	4.214	2.084	4.167	6.251	0.655	0.897	1.552	104	18.3%	28	13	0	1	0.00%
3	CA	Robert Thomas	STL	25	F	30	9	36	45	2	19	19:59	16:16	2:20	1:21	7	2	0	3	1	25	11	0	11	1	32	13	0	14	2	28.9%	0.901	3.603	4.504	0.860	3.071	3.931	1.707	9.386	11.093	0.300	1.200	1.500	54	16.7%	6	17	298	264	53.02%
4	CA	Auston Matthews	TOR	27	F	31	13	27	40	2	13	20:32	15:55	2:59	1:37	7	5	1	1	0	18	9	0	6	3	25	14	1	7	3	35.0%	1.225	2.544	3.769	0.851	2.188	3.039	3.231	5.816	9.047	0.419	0.871	1.290	120	10.8%	22	42	311	232	57.27%
5	CA	Nicholas Suzuki	MTL	25	F	31	15	23	38	2	13	20:55	16:36	3:47	0:32	11	2	2	4	1	13	10	0	6	2	24	12	2	10	3	31.6%	1.387	2.127	3.515	1.282	1.515	2.797	1.023	5.116	6.139	0.484	0.742	1.226	69	21.7%	21	28	290	252	53.51%
6	CA	Artemi Panarin	NYR	33	F	32	16	21	37	0	-1	19:31	16:30	3:00	0:00	15	1	0	2	0	13	8	0	4	2	28	9	0	6	2	24.3%	1.536	2.016	3.552	1.704	1.477	3.181	0.623	4.986	5.609	0.500	0.656	1.156	90	17.8%	6	4	0	0	0.00%
7	CA	Nathan MacKinnon	COL	29	F	26	13	24	37	14	9	22:11	18:28	3:39	0:04	7	6	0	2	0	15	9	0	6	1	22	15	0	8	1	40.5%	1.352	2.495	3.847	0.875	1.874	2.749	3.789	5.684	9.474	0.500	0.923	1.423	111	11.7%	11	12	292	257	53.19%
8	CA	Alexander Ovechkin	WSH	39	F	30	21	15	36	4	-1	17:51	14:07	3:43	0:00	13	8	0	2	0	12	3	0	2	0	25	11	0	4	0	30.6%	2.351	1.679	4.031	1.840	1.698	3.538	4.304	1.614	5.918	0.700	0.500	1.200	107	19.6%	49	5	0	2	0.00%
9	CA	Sidney Crosby	PIT	37	F	27	17	19	36	12	-3	20:30	17:30	2:55	0:04	11	6	0	5	1	15	4	0	1	0	26	10	0	6	1	27.8%	1.843	2.060	3.902	1.396	1.904	3.301	4.567	3.044	7.611	0.630	0.704	1.333	79	21.5%	19	10	336	230	59.36%
10	CA	Brandon Hagel	TBL	26	F	32	13	23	36	18	18	19:59	16:19	2:04	1:36	12	0	1	2	0	19	4	0	2	0	31	4	1	4	0	11.1%	1.219	2.157	3.376	1.379	2.183	3.562	0.000	3.626	3.626	0.406	0.719	1.125	81	16.1%	27	21	1	2	33.33%
11	CA	J.T. Miller	NYR	31	F	32	13	22	35	18	-2	18:30	14:22	2:50	1:17	10	3	0	0	0	13	5	4	4	1	23	8	4	4	1	22.9%	1.317	2.229	3.545	1.304	1.695	2.999	1.982	3.304	5.286	0.406	0.688	1.094	55	23.6%	76	22	219	161	57.63%
12	CA	Cale Makar	COL	26	D	27	11	24	35	4	13	25:53	20:14	3:26	2:12	7	3	1	1	1	14	9	1	5	0	21	12	2	6	1	34.3%	0.944	2.060	3.004	0.769	1.538	2.306	1.934	5.803	7.738	0.407	0.889	1.296	91	12.1%	11	42	0	0	0.00%
13	CA	Mitch Marner	TOR	27	F	30	12	22	34	2	12	20:58	16:02	2:55	1:59	11	1	0	3	2	13	9	0	3	0	24	10	0	6	2	29.4%	1.145	2.098	3.243	1.371	1.620	2.991	0.682	6.139	6.821	0.400	0.733	1.133	54	22.2%	18	15	7	12	36.84%
14	CA	Clayton Keller	UTA	26	F	31	12	22	34	12	-10	19:21	15:28	3:53	0:00	7	5	0	1	0	12	10	0	7	1	19	15	0	8	1	44.1%	1.200	2.200	3.400	0.876	1.502	2.377	2.492	4.983	7.475	0.387	0.710	1.097	91	13.2%	3	11	1	1	50.00%
15	CA	Nazem Kadri	CGY	34	F	32	18	15	33	15	-5	20:16	16:53	3:19	0:03	11	7	0	3	2	10	5	0	3	0	21	12	0	6	2	36.4%	1.665	1.387	3.052	1.222	1.110	2.332	3.942	2.816	6.758	0.563	0.469	1.031	116	15.5%	21	12	259	304	46.00%
16	CA	William Nylander	TOR	28	F	31	16	17	33	12	13	18:54	15:56	2:57	0:00	11	5	0	2	1	12	5	0	4	1	23	10	0	6	2	30.3%	1.637	1.740	3.377	1.335	1.457	2.792	3.266	3.266	6.532	0.516	0.548	1.065	82	19.5%	8	13	11	6	64.71%
17	CA	Ryan Donato	CHI	28	F	31	16	17	33	13	-9	18:45	16:30	2:12	0:02	12	4	0	1	0	12	5	0	2	0	24	9	0	3	0	27.3%	1.651	1.754	3.406	1.408	1.408	2.815	3.505	4.381	7.885	0.516	0.548	1.065	74	21.6%	20	12	98	125	43.95%
18	CA	Dylan Strome	WSH	27	F	31	14	19	33	12	-9	17:02	14:15	2:47	0:00	10	4	0	1	0	10	9	0	3	1	20	13	0	4	1	39.4%	1.590	2.157	3.747	1.357	1.357	2.715	2.781	6.257	9.038	0.452	0.613	1.065	58	24.1%	8	18	240	234	50.63%
19	CA	Matt Duchene	DAL	33	F	31	12	21	33	6	3	16:46	14:17	2:25	0:02	9	3	0	2	0	13	8	0	5	1	22	11	0	7	1	33.3%	1.385	2.424	3.809	1.219	1.760	2.979	2.387	6.365	8.751	0.387	0.677	1.065	63	19.1%	10	9	190	190	50.00%
20	CA	Mika Zibanejad	NYR	31	F	32	11	22	33	4	3	19:38	14:47	3:00	1:50	7	4	0	0	0	14	3	5	4	0	21	7	5	4	0	21.2%	1.050	2.101	3.151	0.888	1.776	2.663	2.496	1.872	4.367	0.344	0.688	1.031	73	15.1%	26	16	167	163	50.61%
21	CA	Connor McDavid	EDM	27	F	22	5	28	33	8	6	22:00	18:44	3:12	0:04	3	2	0	0	0	20	8	0	8	4	23	10	0	8	4	30.3%	0.619	3.469	4.088	0.437	2.911	3.347	1.701	6.804	8.505	0.227	1.273	1.500	58	8.6%	13	10	121	133	47.64%
22	CA	John Tavares	TOR	34	F	31	18	14	32	20	7	18:08	15:26	2:41	0:00	13	5	0	2	0	8	6	0	2	1	21	11	0	4	1	34.4%	1.920	1.493	3.413	1.629	1.003	2.632	3.589	4.306	7.895	0.581	0.452	1.032	75	24.0%	37	20	332	220	60.14%
23	CA	Roope Hintz	DAL	28	F	29	6	26	32	14	9	16:40	12:38	2:50	1:12	4	2	0	2	0	16	10	0	5	2	20	12	0	7	2	37.5%	0.744	3.226	3.970	0.655	2.619	3.273	1.460	7.302	8.763	0.207	0.897	1.103	51	11.8%	23	19	203	182	52.73%
24	CA	Alex Tuch	BUF	28	F	31	20	11	31	22	3	19:05	14:28	2:42	1:54	14	3	3	3	1	4	4	3	0	0	18	7	6	3	1	22.6%	2.027	1.115	3.142	1.872	0.535	2.407	2.138	2.850	4.988	0.645	0.355	1.000	83	24.1%	32	39	24	31	43.64%
25	CA	Kevin Fiala	LAK	28	F	33	19	12	31	6	5	18:47	15:29	3:15	0:01	11	8	0	4	0	8	4	0	1	0	19	12	0	5	0	38.7%	1.838	1.161	2.999	1.291	0.939	2.230	4.455	2.227	6.682	0.576	0.364	0.939	105	18.1%	30	4	3	9	25.00%
26	CA	Morgan Geekie	BOS	26	F	29	18	13	31	8	7	18:45	16:26	2:17	0:01	16	2	0	0	0	11	2	0	1	0	27	4	0	1	0	12.9%	1.985	1.434	3.419	2.013	1.384	3.397	1.800	1.800	3.601	0.621	0.448	1.069	55	32.7%	31	11	72	80	47.37%
27	CA	Alex DeBrincat	DET	27	F	31	18	13	31	17	1	18:25	15:39	2:44	0:01	14	4	0	1	1	7	6	0	1	0	21	10	0	2	1	32.3%	1.891	1.366	3.257	1.731	0.865	2.596	2.831	4.247	7.078	0.581	0.419	1.000	108	16.7%	16	19	7	12	36.84%
28	CA	Jason Robertson	DAL	25	F	31	16	15	31	10	6	17:35	14:30	3:05	0:00	13	3	0	3	1	11	4	0	4	1	24	7	0	7	2	22.6%	1.760	1.650	3.409	1.734	1.467	3.201	1.883	2.510	4.393	0.516	0.484	1.000	76	21.1%	30	15	1	1	50.00%
29	CA	Quinton Byfield	LAK	22	F	32	12	19	31	22	18	19:07	15:33	1:57	1:36	9	2	1	2	2	16	3	0	4	0	25	5	1	6	2	16.1%	1.177	1.863	3.039	1.084	1.928	3.012	1.917	2.875	4.792	0.375	0.594	0.969	64	18.8%	36	17	194	241	44.60%
30	CA	Kyle Connor	WPG	28	F	29	11	20	31	4	10	20:58	17:14	2:57	0:45	11	0	0	2	1	15	5	0	8	3	26	5	0	10	4	16.1%	1.085	1.973	3.058	1.320	1.800	3.119	0.000	3.492	3.492	0.379	0.690	1.069	97	11.3%	12	13	0	0	0.00%
31	CA	Rasmus Dahlin	BUF	24	D	30	11	20	31	26	9	23:52	20:11	2:56	0:44	9	2	0	0	0	14	5	1	5	0	23	7	1	5	0	22.6%	0.922	1.676	2.597	0.892	1.387	2.279	1.358	3.396	4.755	0.367	0.667	1.033	85	12.9%	50	37	0	0	0.00%
32	CA	Leon Draisaitl	EDM	29	F	20	16	14	30	16	6	21:20	18:13	3:02	0:04	10	6	0	2	2	8	6	0	2	1	18	12	0	4	3	40.0%	2.250	1.969	4.219	1.646	1.317	2.962	5.926	5.926	11.852	0.800	0.700	1.500	73	21.9%	12	8	158	142	52.67%
33	CA	Jake Guentzel	TBL	30	F	31	16	14	30	8	14	20:03	16:01	3:17	0:44	10	5	1	3	0	8	6	0	1	0	18	11	1	4	0	36.7%	1.544	1.351	2.895	1.208	0.967	2.175	2.935	3.522	6.457	0.516	0.452	0.968	90	17.8%	11	17	53	79	40.15%
34	CA	Brayden Point	TBL	28	F	32	14	16	30	5	15	19:09	15:52	3:16	0:00	10	4	0	1	0	10	6	0	4	0	20	10	0	5	0	33.3%	1.371	1.566	2.937	1.182	1.182	2.363	2.289	3.434	5.723	0.438	0.500	0.938	77	18.2%	15	23	176	200	46.81%
35	CA	Jack Eichel	VGK	28	F	26	12	18	30	2	6	19:28	15:39	2:35	1:13	9	3	0	2	0	8	10	0	3	0	17	13	0	5	0	43.3%	1.422	2.133	3.556	1.326	1.179	2.505	2.674	8.913	11.587	0.462	0.692	1.154	76	15.8%	5	19	202	244	45.29%
36	CA	Tim Stützle	OTT	22	F	31	8	22	30	24	-4	19:54	16:10	3:41	0:01	6	2	0	2	2	10	12	0	3	1	16	14	0	5	3	46.7%	0.778	2.140	2.918	0.718	1.196	1.914	1.048	6.287	7.335	0.258	0.710	0.968	60	13.3%	49	16	113	82	57.95%
37	CA	Jesper Bratt	NJD	26	F	28	5	25	30	4	-5	19:09	15:03	2:27	1:38	4	0	1	2	0	12	11	2	2	0	16	11	3	4	0	36.7%	0.559	2.797	3.356	0.569	1.708	2.277	0.000	9.593	9.593	0.179	0.893	1.071	59	8.5%	41	13	0	0	0.00%
38	CA	Tom Wilson	WSH	30	F	30	13	16	29	50	8	18:30	14:29	2:32	1:28	9	2	2	3	1	11	3	2	2	0	20	5	4	5	1	17.2%	1.404	1.728	3.133	1.242	1.518	2.760	1.573	2.359	3.932	0.433	0.533	0.967	54	24.1%	84	22	1	5	16.67%
39	CA	Matvei Michkov	PHI	20	F	29	12	17	29	8	-4	18:00	15:05	2:53	0:01	10	2	0	0	0	16	1	0	2	0	26	3	0	2	0	10.3%	1.378	1.952	3.331	1.370	2.192	3.563	1.429	0.715	2.144	0.414	0.586	1.000	96	12.5%	10	10	4	2	66.67%
40	CA	Leo Carlsson	ANA	20	F	31	11	18	29	6	11	16:37	13:30	2:10	0:56	8	2	1	1	1	16	1	1	3	1	24	3	2	4	2	10.3%	1.281	2.096	3.378	1.146	2.293	3.439	1.785	0.893	2.678	0.355	0.581	0.935	54	20.4%	7	17	164	215	43.27%
41	CA	Adrian Kempe	LAK	28	F	32	11	18	29	18	7	18:41	14:19	3:07	1:14	8	3	0	2	0	12	6	0	3	2	20	9	0	5	2	31.0%	1.103	1.806	2.909	1.048	1.571	2.619	1.798	3.596	5.395	0.344	0.563	0.906	89	12.4%	43	15	4	4	50.00%
42	CA	Patrick Kane	DET	36	F	30	10	19	29	4	-5	18:58	16:02	2:55	0:00	4	6	0	1	1	11	8	0	1	0	15	14	0	2	1	48.3%	1.054	2.003	3.057	0.499	1.372	1.871	4.099	5.466	9.565	0.333	0.633	0.967	84	11.9%	10	14	4	5	44.44%
43	CA	Aleksander Barkov	FLA	29	F	25	8	21	29	4	3	19:59	15:31	3:11	1:16	5	3	0	3	1	12	9	0	4	0	17	12	0	7	1	41.4%	0.961	2.522	3.483	0.773	1.856	2.629	2.259	6.777	9.036	0.320	0.840	1.160	54	14.8%	37	14	187	188	49.87%
44	CA	Evan Bouchard	EDM	25	D	31	6	23	29	14	-3	23:20	19:48	3:14	0:17	3	3	0	1	1	13	10	0	5	2	16	13	0	6	3	44.8%	0.498	1.907	2.405	0.293	1.270	1.563	1.796	5.985	7.781	0.194	0.742	0.935	91	6.6%	12	32	0	0	0.00%
45	CA	Wyatt Johnston	DAL	21	F	31	19	9	28	2	-10	18:18	13:48	3:05	1:24	9	9	1	2	0	4	5	0	2	0	13	14	1	4	0	50.0%	2.009	0.952	2.960	1.262	0.561	1.823	5.627	3.126	8.753	0.613	0.290	0.903	71	26.8%	14	23	180	155	53.73%
46	CA	Jordan Kyrou	STL	26	F	30	15	13	28	12	12	16:42	14:39	2:02	0:00	13	2	0	1	0	9	4	0	2	1	22	6	0	3	1	21.4%	1.795	1.556	3.351	1.773	1.227	3.000	1.966	3.932	5.898	0.500	0.433	0.933	89	16.9%	22	12	1	1	50.00%
47	CA	John Peterka	BUF	22	F	28	13	15	28	24	-1	18:37	15:44	2:52	0:00	10	3	0	0	0	10	5	0	2	0	20	8	0	2	0	28.6%	1.496	1.726	3.222	1.361	1.361	2.723	2.232	3.720	5.952	0.464	0.536	1.000	66	19.7%	11	9	0	6	0.00%
48	CA	Drake Batherson	OTT	26	F	31	12	16	28	16	-6	17:45	14:24	3:20	0:00	7	5	0	1	0	9	7	0	2	1	16	12	0	3	1	42.9%	1.308	1.744	3.052	0.940	1.209	2.149	2.899	4.059	6.959	0.387	0.516	0.903	84	14.3%	70	11	5	3	62.50%
49	CA	Matthew Boldy	MIN	23	F	30	9	19	28	16	-5	20:54	16:56	3:07	0:50	9	0	0	2	1	11	8	0	3	1	20	8	0	5	2	28.6%	0.861	1.817	2.678	1.062	1.298	2.360	0.000	5.121	5.121	0.300	0.633	0.933	93	9.7%	25	32	17	16	51.52%
50	CA	Mark Scheifele	WPG	31	F	29	8	20	28	20	7	20:49	17:38	2:56	0:13	6	2	0	3	2	17	3	0	6	2	23	5	0	9	4	17.9%	0.795	1.987	2.782	0.703	1.993	2.696	1.404	2.106	3.509	0.276	0.690	0.966	58	13.8%	32	17	242	242	50.00%
51	CA	Jake Sanderson	OTT	22	D	30	8	20	28	6	2	24:32	18:15	3:35	2:41	5	3	0	3	0	10	9	1	4	0	15	12	1	7	0	42.9%	0.652	1.630	2.282	0.548	1.095	1.643	1.670	5.010	6.680	0.267	0.667	0.933	86	9.3%	11	57	0	0	0.00%
52	CA	Tage Thompson	BUF	27	F	30	19	8	27	20	-9	18:39	15:53	2:41	0:04	16	3	0	5	0	6	2	0	1	0	22	5	0	6	0	18.5%	2.037	0.858	2.894	2.014	0.755	2.769	2.230	1.487	3.717	0.633	0.267	0.900	100	19.0%	29	10	100	123	44.84%
53	CA	Filip Forsberg	NSH	30	F	32	13	14	27	18	-17	18:19	15:18	2:58	0:02	9	4	0	2	0	8	6	0	3	0	17	10	0	5	0	37.0%	1.330	1.432	2.762	1.102	0.980	2.082	2.526	3.789	6.316	0.406	0.438	0.844	99	13.1%	55	21	3	5	37.50%
54	CA	Seth Jarvis	CAR	22	F	28	12	15	27	4	12	19:34	14:14	3:24	1:56	8	2	2	1	0	9	5	1	5	0	17	7	3	6	0	25.9%	1.313	1.641	2.954	1.204	1.355	2.559	1.259	3.148	4.407	0.429	0.536	0.964	83	14.5%	24	18	14	29	32.56%
55	CA	Rickard Rakell	PIT	31	F	29	12	15	27	4	-6	19:45	17:11	2:33	0:00	8	4	0	0	0	12	3	0	4	1	20	7	0	4	1	25.9%	1.257	1.571	2.828	0.963	1.445	2.408	3.232	2.424	5.657	0.414	0.517	0.931	72	16.7%	28	17	17	23	42.50%
56	CA	Matthew Knies	TOR	22	F	31	11	16	27	21	9	18:46	14:47	2:43	1:14	8	3	0	4	1	10	6	0	2	1	18	9	0	6	2	33.3%	1.134	1.650	2.784	1.046	1.308	2.354	2.125	4.250	6.375	0.355	0.516	0.871	71	15.5%	73	19	0	0	0.00%
57	CA	Vincent Trocheck	NYR	31	F	32	11	16	27	10	2	20:33	16:11	2:18	2:04	5	1	5	4	1	14	1	1	2	0	19	2	6	6	1	7.4%	1.003	1.459	2.462	0.579	1.622	2.201	0.814	0.814	1.628	0.344	0.500	0.844	70	15.7%	72	25	323	231	58.30%
58	CA	Sam Reinhart	FLA	29	F	27	10	17	27	0	-1	20:47	16:08	3:18	1:20	6	4	0	3	0	9	8	0	4	1	15	12	0	7	1	44.4%	1.069	1.818	2.887	0.826	1.239	2.065	2.693	5.386	8.079	0.370	0.630	1.000	76	13.2%	40	19	61	93	39.61%
59	CA	Ryan McLeod	BUF	25	F	31	9	18	27	6	8	18:38	15:05	1:05	2:27	6	0	3	1	0	13	2	3	1	0	19	2	6	2	0	7.4%	0.934	1.869	2.803	0.770	1.668	2.438	0.000	3.538	3.538	0.290	0.581	0.871	45	20.0%	4	13	286	254	52.96%
60	CA	Lane Hutson	MTL	20	D	31	3	24	27	4	13	22:54	19:45	3:04	0:03	2	1	0	0	0	15	9	0	6	1	17	10	0	6	1	37.0%	0.254	2.028	2.282	0.196	1.469	1.665	0.628	5.653	6.282	0.097	0.774	0.871	32	9.4%	11	50	0	0	0.00%
61	CA	Bryan Rust	PIT	32	F	26	12	14	26	4	0	20:15	16:38	2:35	1:01	10	2	0	1	0	7	7	0	3	0	17	9	0	4	0	34.6%	1.367	1.595	2.962	1.387	0.971	2.357	1.784	6.242	8.026	0.462	0.538	1.000	73	16.4%	20	15	4	5	44.44%
62	CA	Nico Hischier	NJD	25	F	24	11	15	26	8	-2	20:28	16:02	2:24	2:00	6	5	0	1	0	8	6	1	2	0	14	11	1	3	0	42.3%	1.343	1.831	3.174	0.935	1.246	2.181	5.175	6.210	11.386	0.458	0.625	1.083	46	23.9%	15	14	310	247	55.66%
63	CA	Dylan Guenther	UTA	21	F	30	11	15	26	8	-8	17:58	14:14	3:42	0:01	6	5	0	6	2	7	8	0	2	0	13	13	0	8	2	50.0%	1.224	1.669	2.894	0.843	0.983	1.826	2.703	4.324	7.027	0.367	0.500	0.867	106	10.4%	31	18	4	10	28.57%
64	CA	Mason McTavish	ANA	21	F	31	10	16	26	10	5	17:33	14:44	2:48	0:00	7	3	0	2	1	14	2	0	1	0	21	5	0	3	1	19.2%	1.102	1.764	2.866	0.919	1.837	2.756	2.069	1.379	3.448	0.323	0.516	0.839	82	12.2%	27	7	206	190	52.02%
65	CA	Pavel Buchnevich	STL	29	F	26	9	17	26	10	13	19:22	15:56	2:10	1:16	8	1	0	3	0	12	4	1	3	0	20	5	1	6	0	19.2%	1.072	2.024	3.096	1.159	1.738	2.897	1.063	4.253	5.316	0.346	0.654	1.000	52	17.3%	11	10	7	6	53.85%
66	CA	Macklin Celebrini	SJS	18	F	28	9	17	26	12	-11	20:01	16:46	3:01	0:13	6	3	0	0	0	9	8	0	1	0	15	11	0	1	0	42.3%	0.963	1.819	2.783	0.766	1.149	1.915	2.130	5.680	7.811	0.321	0.607	0.929	95	9.5%	18	23	220	235	48.35%
67	CA	Thomas Harley	DAL	23	D	29	9	17	26	8	7	24:53	20:05	3:38	1:09	8	1	0	2	1	6	11	0	5	1	14	12	0	7	2	46.2%	0.748	1.413	2.161	0.824	0.618	1.441	0.568	6.251	6.819	0.310	0.586	0.897	65	13.9%	13	39	0	0	0.00%
68	CA	Jonathan Huberdeau	CGY	31	F	31	9	17	26	10	-9	20:42	15:44	3:14	1:43	3	5	1	2	0	10	7	0	1	0	13	12	1	3	0	46.2%	0.841	1.589	2.430	0.369	1.229	1.598	2.990	4.186	7.176	0.290	0.548	0.839	62	14.5%	17	22	6	10	37.50%
69	CA	Victor Hedman	TBL	34	D	31	8	18	26	6	12	22:25	18:09	2:52	1:23	5	3	0	0	0	11	7	0	5	0	16	10	0	5	0	38.5%	0.691	1.554	2.245	0.533	1.172	1.705	2.024	4.723	6.747	0.258	0.581	0.839	64	12.5%	14	53	0	0	0.00%
70	CA	Dylan Holloway	STL	23	F	25	10	15	25	0	9	17:34	15:33	1:58	0:02	7	3	0	4	0	13	2	0	1	1	20	5	0	5	1	20.0%	1.366	2.049	3.415	1.080	2.006	3.086	3.640	2.427	6.067	0.400	0.600	1.000	60	16.7%	51	16	5	4	55.56%
71	CA	Pierre-Luc Dubois	WSH	26	F	31	9	16	25	38	8	17:37	15:09	2:26	0:01	6	3	0	1	0	11	5	0	3	0	17	8	0	4	0	32.0%	0.988	1.757	2.745	0.766	1.404	2.170	2.378	3.963	6.341	0.290	0.516	0.806	60	15.0%	23	22	203	212	48.92%
72	CA	Zachary Werenski	CBJ	27	D	29	6	19	25	4	0	26:35	22:29	2:29	1:35	5	0	1	1	0	12	6	1	3	0	17	6	2	4	0	24.0%	0.467	1.479	1.946	0.460	1.104	1.563	0.000	4.970	4.970	0.207	0.655	0.862	101	5.9%	7	40	0	0	0.00%
73	CA	Adam Fantilli	CBJ	20	F	30	16	8	24	4	7	17:54	16:08	1:37	0:08	16	0	0	2	0	7	0	1	0	0	23	0	1	2	0	0.0%	1.786	0.893	2.679	1.982	0.867	2.849	0.000	0.000	0.000	0.533	0.267	0.800	80	20.0%	47	18	168	232	42.00%
74	CA	Brock Nelson	COL	33	F	30	11	13	24	8	6	18:26	15:30	2:17	0:38	8	2	1	3	0	10	3	0	3	1	18	5	1	6	1	20.8%	1.193	1.410	2.603	1.031	1.289	2.321	1.749	2.624	4.373	0.367	0.433	0.800	67	16.4%	16	17	217	221	49.54%
75	CA	Kent Johnson	CBJ	22	F	30	9	15	24	6	5	17:15	14:40	2:25	0:10	7	2	0	2	0	11	3	1	0	0	18	5	1	2	0	20.8%	1.043	1.738	2.780	0.954	1.499	2.454	1.649	2.474	4.124	0.300	0.500	0.800	51	17.7%	2	14	0	4	0.00%
76	CA	Anze Kopitar	LAK	37	F	32	9	15	24	2	1	18:21	14:04	3:08	1:08	8	1	0	2	0	7	8	0	3	0	15	9	0	5	0	37.5%	0.920	1.533	2.452	1.066	0.933	1.998	0.597	4.773	5.370	0.281	0.469	0.750	32	28.1%	16	29	332	232	58.87%
77	CA	Lucas Raymond	DET	22	F	31	7	17	24	2	-14	18:34	15:27	2:49	0:17	4	3	0	2	0	8	9	0	1	1	12	12	0	3	1	50.0%	0.729	1.771	2.501	0.501	1.001	1.502	2.058	6.174	8.232	0.226	0.548	0.774	76	9.2%	16	11	1	4	20.00%
78	CA	Ryan O'Reilly	NSH	33	F	32	7	17	24	13	-10	18:59	15:31	2:36	0:51	4	3	0	0	0	13	4	0	1	0	17	7	0	1	0	29.2%	0.691	1.679	2.370	0.483	1.570	2.053	2.162	2.883	5.045	0.219	0.531	0.750	60	11.7%	7	28	303	245	55.29%
79	CA	Teuvo Teräväinen	CHI	30	F	31	4	20	24	6	-8	17:50	14:09	2:24	1:15	2	2	0	0	0	13	6	1	3	1	15	8	1	3	1	33.3%	0.434	2.171	2.605	0.273	1.776	2.050	1.603	4.809	6.411	0.129	0.645	0.774	37	10.8%	14	9	39	62	38.61%
80	CA	Sebastian Aho	CAR	27	F	28	12	11	23	12	9	20:07	14:44	3:33	1:49	7	3	2	4	1	6	3	2	1	0	13	6	4	5	1	26.1%	1.278	1.172	2.450	1.017	0.872	1.889	1.810	1.810	3.619	0.429	0.393	0.821	70	17.1%	17	7	231	186	55.40%
81	CA	Pius Suter	VAN	28	F	31	12	11	23	10	-3	18:41	14:31	1:58	2:11	12	0	0	0	0	7	3	1	2	0	19	3	1	2	0	13.0%	1.243	1.139	2.381	1.599	0.933	2.532	0.000	2.930	2.930	0.387	0.355	0.742	61	19.7%	31	22	184	262	41.26%
82	CA	Cole Caufield	MTL	23	F	31	12	11	23	0	10	18:31	15:31	2:59	0:00	9	3	0	4	1	8	3	0	2	1	17	6	0	6	2	26.1%	1.254	1.149	2.403	1.122	0.997	2.119	1.938	1.938	3.877	0.387	0.355	0.742	83	14.5%	24	12	4	4	50.00%
83	CA	Cutter Gauthier	ANA	20	F	31	12	11	23	6	9	13:42	12:28	0:58	0:15	12	0	0	1	1	11	0	0	2	1	23	0	0	3	2	0.0%	1.695	1.554	3.249	1.862	1.707	3.569	0.000	0.000	0.000	0.387	0.355	0.742	86	14.0%	25	21	12	11	52.17%
84	CA	Martin Necas	COL	25	F	26	10	13	23	6	4	20:10	16:39	3:28	0:02	5	5	0	3	0	4	9	0	4	0	9	14	0	7	0	60.9%	1.144	1.487	2.631	0.693	0.554	1.247	3.327	5.988	9.314	0.385	0.500	0.885	70	14.3%	19	4	3	6	33.33%
85	CA	William Smith	SJS	19	F	28	10	13	23	10	-5	18:04	15:11	2:48	0:04	7	3	0	0	0	8	5	0	2	0	15	8	0	2	0	34.8%	1.185	1.541	2.726	0.987	1.128	2.115	2.287	3.811	6.098	0.357	0.464	0.821	64	15.6%	4	7	18	26	40.91%
86	CA	Alexei Protas	WSH	23	F	25	9	14	23	4	11	16:38	14:59	0:12	1:26	7	0	2	1	0	12	0	2	1	0	19	0	4	2	0	0.0%	1.299	2.020	3.319	1.121	1.922	3.043	0.000	0.000	0.000	0.360	0.560	0.920	52	17.3%	7	8	0	4	0.00%
87	CA	Cam Fowler	STL	33	D	29	4	19	23	4	16	20:49	18:21	2:02	0:25	4	0	0	1	1	14	5	0	1	0	18	5	0	2	1	21.7%	0.397	1.887	2.285	0.451	1.578	2.028	0.000	5.082	5.082	0.138	0.655	0.793	38	10.5%	3	21	0	0	0.00%
88	CA	Luke Hughes	NJD	21	D	27	3	20	23	6	-8	23:07	20:02	2:07	0:57	3	0	0	0	0	10	10	0	3	0	13	10	0	3	0	43.5%	0.288	1.921	2.210	0.333	1.109	1.441	0.000	10.447	10.447	0.111	0.741	0.852	53	5.7%	6	27	0	0	0.00%
89	CA	Tyler Toffoli	SJS	32	F	27	12	10	22	4	-3	17:29	14:31	2:53	0:04	9	3	0	0	0	8	2	0	1	0	17	5	0	1	0	22.7%	1.525	1.271	2.796	1.376	1.224	2.600	2.311	1.540	3.851	0.444	0.370	0.815	90	13.3%	24	11	5	3	62.50%
90	CA	Warren Foegele	LAK	28	F	33	12	10	22	12	21	16:22	13:36	1:14	1:31	11	1	0	3	0	9	1	0	2	0	20	2	0	5	0	9.1%	1.333	1.111	2.443	1.470	1.203	2.673	1.466	1.466	2.933	0.364	0.303	0.667	87	13.8%	28	12	9	21	30.00%
91	CA	Logan Cooley	UTA	20	F	25	10	12	22	22	-3	18:01	15:14	2:03	0:43	10	0	0	1	0	8	4	0	2	0	18	4	0	3	0	18.2%	1.331	1.597	2.929	1.574	1.259	2.834	0.000	4.671	4.671	0.400	0.480	0.880	48	20.8%	27	8	117	138	45.88%
92	CA	Juraj Slafkovsky	MTL	20	F	31	10	12	22	27	13	18:15	15:09	3:05	0:00	7	3	0	1	0	12	0	0	5	1	19	3	0	6	1	13.6%	1.060	1.272	2.332	0.894	1.533	2.427	1.873	0.000	1.873	0.323	0.387	0.710	69	14.5%	81	28	2	7	22.22%
93	CA	Nick Schmaltz	UTA	28	F	31	9	13	22	6	-6	18:11	14:10	3:35	0:24	5	4	0	2	0	8	5	0	3	0	13	9	0	5	0	40.9%	0.958	1.384	2.341	0.683	1.092	1.775	2.152	2.689	4.841	0.290	0.419	0.710	75	12.0%	5	19	90	96	48.39%
94	CA	Dylan Larkin	DET	28	F	31	8	14	22	6	-16	20:07	16:22	2:52	0:52	7	1	0	1	0	7	7	0	1	0	14	8	0	2	0	36.4%	0.769	1.346	2.115	0.828	0.828	1.655	0.672	4.701	5.373	0.258	0.452	0.710	70	11.4%	21	21	301	289	51.02%
95	CA	Connor Bedard	CHI	19	F	31	8	14	22	46	-13	20:40	18:05	2:32	0:02	3	5	0	2	1	10	4	0	3	1	13	9	0	5	2	40.9%	0.749	1.311	2.059	0.321	1.070	1.391	3.807	3.046	6.853	0.258	0.452	0.710	75	10.7%	20	9	120	139	46.33%
96	CA	Andrei Kuzmenko	LAK	28	F	29	7	15	22	2	1	16:39	13:19	3:18	0:02	6	1	0	1	0	9	6	0	2	0	15	7	0	3	0	31.8%	0.869	1.862	2.731	0.932	1.397	2.329	0.626	3.757	4.383	0.241	0.517	0.759	44	15.9%	11	13	0	0	0.00%
97	CA	Mikko Rantanen	DAL	28	F	30	6	16	22	32	-2	19:25	15:44	3:39	0:01	3	3	0	1	0	12	4	0	1	0	15	7	0	2	0	31.8%	0.618	1.648	2.265	0.381	1.525	1.906	1.640	2.186	3.826	0.200	0.533	0.733	64	9.4%	19	11	13	13	50.00%
98	CA	Mikhail Sergachev	UTA	26	D	31	6	16	22	12	2	24:14	18:06	3:33	2:34	5	0	1	0	0	6	10	0	4	1	11	10	1	4	1	45.5%	0.479	1.277	1.756	0.535	0.642	1.176	0.000	5.436	5.436	0.194	0.516	0.710	56	10.7%	38	53	0	0	0.00%
99	CA	Thomas Chabot	OTT	27	D	30	5	17	22	8	4	22:47	19:15	2:00	1:31	4	1	0	0	0	15	2	0	4	0	19	3	0	4	0	13.6%	0.439	1.492	1.930	0.415	1.558	1.974	0.994	1.989	2.983	0.167	0.567	0.733	70	7.1%	23	66	0	0	0.00%
100	CA	Mackenzie Weegar	CGY	30	D	31	2	20	22	10	7	25:19	20:14	3:10	1:54	1	1	0	0	0	9	10	1	3	0	10	11	1	3	0	50.0%	0.153	1.529	1.682	0.096	0.860	0.956	0.611	6.110	6.721	0.065	0.645	0.710	78	2.6%	88	84	0	1	0.00%
101	CA	Zachary Bolduc	STL	21	F	30	14	7	21	19	12	13:32	11:51	1:41	0:00	8	6	0	0	0	3	4	0	1	0	11	10	0	1	0	47.6%	2.067	1.033	3.100	1.349	0.506	1.855	7.124	4.749	11.873	0.467	0.233	0.700	61	23.0%	56	18	0	4	0.00%
102	CA	Jake Neighbours	STL	22	F	30	9	12	21	24	7	15:17	13:32	1:36	0:09	8	1	0	2	0	10	2	0	3	0	18	3	0	5	0	14.3%	1.177	1.569	2.746	1.182	1.478	2.660	1.240	2.479	3.719	0.300	0.400	0.700	32	28.1%	52	18	0	3	0.00%
103	CA	Jared McCann	SEA	28	F	29	8	13	21	8	4	16:38	12:15	2:23	1:59	6	2	0	2	0	9	4	0	1	0	15	6	0	3	0	28.6%	0.995	1.616	2.611	1.013	1.519	2.532	1.731	3.462	5.192	0.276	0.448	0.724	84	9.5%	22	18	82	104	44.09%
104	CA	Adam Fox	NYR	26	D	24	7	14	21	6	3	22:43	18:34	2:25	1:43	7	0	0	1	0	10	2	2	2	0	17	2	2	3	0	9.5%	0.770	1.541	2.311	0.942	1.346	2.289	0.000	2.066	2.066	0.292	0.583	0.875	48	14.6%	10	37	0	0	0.00%
105	CA	William Eklund	SJS	22	F	28	7	14	21	21	-2	19:29	15:43	2:56	0:49	5	1	1	1	0	10	4	0	0	0	15	5	1	1	0	23.8%	0.769	1.539	2.308	0.681	1.362	2.044	0.730	2.920	3.650	0.250	0.500	0.750	62	11.3%	25	15	2	6	25.00%
106	CA	Sean Couturier	PHI	32	F	29	7	14	21	16	4	18:20	16:02	1:51	0:26	6	1	0	1	0	12	2	0	1	0	18	3	0	2	0	14.3%	0.790	1.580	2.370	0.774	1.548	2.322	1.110	2.220	3.330	0.241	0.483	0.724	66	10.6%	20	13	240	198	54.79%
107	CA	Brayden Schenn	STL	33	F	30	7	14	21	15	7	17:24	15:25	1:55	0:03	7	0	0	1	0	11	3	0	2	1	18	3	0	3	1	14.3%	0.804	1.609	2.413	0.908	1.427	2.335	0.000	3.124	3.124	0.233	0.467	0.700	48	14.6%	68	23	229	177	56.40%
108	CA	Mikael Granlund	DAL	32	F	31	7	14	21	8	8	17:05	14:08	2:06	0:50	7	0	0	3	1	10	4	0	0	0	17	4	0	3	1	19.0%	0.793	1.585	2.378	0.958	1.369	2.327	0.000	3.681	3.681	0.226	0.452	0.677	43	16.3%	20	23	33	17	66.00%
109	CA	Mark Stone	VGK	32	F	28	6	15	21	8	3	18:31	14:55	2:27	1:07	4	2	0	2	0	10	5	0	2	0	14	7	0	4	0	33.3%	0.694	1.735	2.430	0.574	1.436	2.010	1.740	4.350	6.090	0.214	0.536	0.750	59	10.2%	7	21	2	5	28.57%
110	CA	Dylan Cozens	OTT	23	F	31	6	15	21	21	-1	16:33	13:44	2:30	0:17	2	4	0	1	0	10	5	0	2	0	12	9	0	3	0	42.9%	0.702	1.754	2.456	0.282	1.408	1.690	3.087	3.859	6.945	0.194	0.484	0.677	69	8.7%	97	11	199	188	51.42%
111	CA	Tomas Hertl	VGK	31	F	21	12	8	20	2	7	17:02	14:30	2:29	0:03	7	5	0	1	0	7	1	0	1	0	14	6	0	2	0	30.0%	2.012	1.342	3.354	1.379	1.379	2.758	5.751	1.150	6.901	0.571	0.381	0.952	49	24.5%	32	11	169	145	53.82%
112	CA	Tyson Foerster	PHI	22	F	29	12	8	20	10	-1	19:01	15:42	2:10	1:08	9	3	0	1	0	7	1	0	0	0	16	4	0	1	0	20.0%	1.305	0.870	2.176	1.186	0.922	2.108	2.862	0.954	3.817	0.414	0.276	0.690	63	19.1%	42	27	0	1	0.00%
113	CA	Trevor Moore	LAK	29	F	31	12	8	20	6	18	16:45	13:37	1:21	1:46	11	1	0	1	0	7	1	0	4	0	18	2	0	5	0	10.0%	1.386	0.924	2.310	1.563	0.995	2.558	1.421	1.421	2.842	0.387	0.258	0.645	77	15.6%	24	14	1	6	14.29%
114	CA	Matt Coronato	CGY	22	F	32	11	9	20	8	-4	18:36	15:30	3:06	0:00	8	3	0	3	0	4	5	0	2	1	12	8	0	5	1	40.0%	1.108	0.907	2.015	0.967	0.484	1.451	1.813	3.022	4.835	0.344	0.281	0.625	70	15.7%	17	18	38	53	41.76%
115	CA	Kirill Marchenko	CBJ	24	F	27	10	10	20	8	-1	17:54	15:27	2:22	0:03	10	0	0	0	0	7	3	0	1	0	17	3	0	1	0	15.0%	1.241	1.241	2.483	1.437	1.006	2.443	0.000	2.803	2.803	0.370	0.370	0.741	65	15.4%	16	12	2	4	33.33%
116	CA	Mason Marchment	DAL	29	F	29	10	10	20	18	6	15:11	13:34	1:37	0:00	6	4	0	1	0	10	0	0	1	0	16	4	0	2	0	20.0%	1.362	1.362	2.723	0.914	1.524	2.439	5.106	0.000	5.106	0.345	0.345	0.690	54	18.5%	35	13	7	4	63.64%
117	CA	Steven Stamkos	NSH	34	F	32	10	10	20	14	-23	17:51	14:50	2:58	0:03	5	5	0	1	1	8	2	0	1	1	13	7	0	2	2	35.0%	1.050	1.050	2.099	0.632	1.010	1.642	3.157	1.263	4.420	0.313	0.313	0.625	66	15.2%	26	21	126	148	45.99%
118	CA	Sam Bennett	FLA	28	F	26	9	11	20	35	-3	18:05	14:51	3:08	0:05	5	4	0	2	1	10	1	0	0	0	15	5	0	2	1	25.0%	1.148	1.403	2.550	0.776	1.553	2.329	2.932	0.733	3.665	0.346	0.423	0.769	84	10.7%	36	13	119	157	43.12%
119	CA	Elias Lindholm	BOS	30	F	29	8	12	20	2	3	18:11	13:58	2:19	1:54	7	1	0	1	0	8	4	0	1	0	15	5	0	2	0	25.0%	0.910	1.365	2.274	1.037	1.185	2.221	0.892	3.566	4.458	0.276	0.414	0.690	66	12.1%	30	23	264	205	56.29%
120	CA	Cole Perfetti	WPG	22	F	29	8	12	20	10	0	15:27	13:48	1:39	0:00	7	1	0	0	0	9	3	0	2	1	16	4	0	2	1	20.0%	1.070	1.605	2.676	1.049	1.349	2.398	1.247	3.742	4.990	0.276	0.414	0.690	49	16.3%	25	10	6	8	42.86%
121	CA	Anthony Cirelli	TBL	27	F	31	8	12	20	10	14	18:19	15:14	1:15	1:49	8	0	0	1	0	11	0	1	2	0	19	0	1	3	0	0.0%	0.845	1.268	2.113	1.016	1.397	2.412	0.000	0.000	0.000	0.258	0.387	0.645	56	14.3%	7	26	237	252	48.47%
122	CA	Erik Karlsson	PIT	34	D	29	6	14	20	2	-9	23:55	20:48	2:00	1:06	5	1	0	1	1	11	3	0	4	2	16	4	0	5	3	20.0%	0.519	1.211	1.729	0.497	1.093	1.591	1.029	3.087	4.117	0.207	0.483	0.690	58	10.3%	10	30	0	0	0.00%
123	CA	Devon Toews	COL	30	D	27	4	16	20	10	13	24:35	21:18	0:57	2:19	3	1	0	1	0	14	2	0	2	0	17	3	0	3	0	15.0%	0.362	1.446	1.808	0.313	1.460	1.773	2.335	4.669	7.004	0.148	0.593	0.741	42	9.5%	15	37	0	0	0.00%
124	CA	Phillip Danault	LAK	31	F	32	4	16	20	14	17	17:33	14:21	1:25	1:47	3	1	0	2	0	16	0	0	3	0	19	1	0	5	0	5.0%	0.427	1.709	2.136	0.392	2.090	2.482	1.322	0.000	1.322	0.125	0.500	0.625	53	7.6%	29	29	252	255	49.70%
125	CA	John Carlson	WSH	34	D	28	1	19	20	4	-1	23:04	17:54	2:30	2:38	1	0	0	0	0	16	3	0	3	0	17	3	0	3	0	15.0%	0.093	1.764	1.857	0.120	1.914	2.034	0.000	2.555	2.555	0.036	0.679	0.714	61	1.6%	12	43	0	0	0.00%
126	CA	Ilya Mikheyev	CHI	30	F	31	11	8	19	4	5	16:47	14:26	0:19	2:01	9	0	2	2	0	8	0	0	0	0	17	0	2	2	0	0.0%	1.268	0.922	2.190	1.206	1.072	2.279	0.000	0.000	0.000	0.355	0.258	0.613	59	18.6%	14	10	0	4	0.00%
127	CA	Bo Horvat	NYI	29	F	32	10	9	19	12	-17	20:26	15:36	3:11	1:38	9	0	1	2	1	7	2	0	1	1	16	2	1	3	2	10.5%	0.917	0.826	1.743	1.081	0.841	1.922	0.000	1.175	1.175	0.313	0.281	0.594	97	10.3%	35	18	319	261	55.00%
128	CA	Barrett Hayton	UTA	24	F	31	8	11	19	20	-11	17:09	12:39	2:58	1:31	2	6	0	2	0	5	6	0	3	0	7	12	0	5	0	63.2%	0.903	1.241	2.144	0.306	0.765	1.071	3.905	3.905	7.809	0.258	0.355	0.613	68	11.8%	16	17	211	191	52.49%
129	CA	Connor McMichael	WSH	23	F	31	8	11	19	27	5	15:50	14:18	0:58	0:33	8	0	0	1	0	11	0	0	0	0	19	0	0	1	0	0.0%	0.977	1.344	2.321	1.082	1.488	2.571	0.000	0.000	0.000	0.258	0.355	0.613	61	13.1%	12	13	27	28	49.09%
130	CA	Boone Jenner	CBJ	31	F	26	7	12	19	4	3	17:59	14:38	1:48	1:32	4	2	1	1	0	11	1	0	2	0	15	3	1	3	0	15.8%	0.898	1.540	2.438	0.631	1.735	2.365	2.544	1.272	3.816	0.269	0.462	0.731	70	10.0%	43	18	105	100	51.22%
131	CA	Trevor Zegras	ANA	23	F	28	7	12	19	13	0	17:18	14:47	2:30	0:00	7	0	0	1	0	9	3	0	4	0	16	3	0	5	0	15.8%	0.867	1.486	2.353	1.015	1.305	2.319	0.000	2.559	2.559	0.250	0.429	0.679	38	18.4%	27	9	10	22	31.25%
132	CA	Andre Burakovsky	SEA	29	F	29	6	13	19	4	6	13:54	12:22	1:31	0:00	6	0	0	1	0	8	5	0	1	0	14	5	0	2	0	26.3%	0.893	1.935	2.828	1.003	1.338	2.341	0.000	6.780	6.780	0.207	0.448	0.655	39	15.4%	11	7	1	1	50.00%
133	CA	Jack Quinn	BUF	23	F	30	6	13	19	4	-1	14:02	12:14	1:45	0:01	5	1	0	1	0	10	3	0	2	1	15	4	0	3	1	21.1%	0.855	1.852	2.706	0.816	1.633	2.449	1.134	3.401	4.534	0.200	0.433	0.633	44	13.6%	13	6	0	2	0.00%
134	CA	Kiefer Sherwood	VAN	29	F	31	6	13	19	13	0	15:19	13:06	0:46	1:27	6	0	0	3	1	11	1	1	1	0	17	1	1	4	1	5.3%	0.758	1.642	2.399	0.886	1.625	2.511	0.000	2.521	2.521	0.194	0.419	0.613	56	10.7%	189	11	8	10	44.44%
135	CA	Bobby Brink	PHI	23	F	29	5	14	19	8	2	16:35	14:33	1:58	0:04	5	0	0	0	0	14	0	0	1	0	19	0	0	1	0	0.0%	0.623	1.746	2.369	0.711	1.990	2.701	0.000	0.000	0.000	0.172	0.483	0.655	35	14.3%	33	11	8	24	25.00%
136	CA	Ridly Greig	OTT	22	F	30	5	14	19	28	-1	18:33	14:20	2:07	2:05	5	0	0	2	0	9	4	1	3	0	14	4	1	5	0	21.1%	0.539	1.508	2.047	0.697	1.255	1.952	0.000	3.754	3.754	0.167	0.467	0.633	54	9.3%	51	24	152	113	57.36%
137	CA	Jackson LaCombe	ANA	23	D	31	5	14	19	12	-4	24:30	19:04	2:35	2:50	4	1	0	1	0	10	4	0	2	1	14	5	0	3	1	26.3%	0.395	1.106	1.501	0.406	1.015	1.421	0.749	2.997	3.746	0.161	0.452	0.613	44	11.4%	36	53	0	1	0.00%
138	CA	Filip Hronek	VAN	27	D	31	3	16	19	22	-9	24:21	20:05	2:03	2:12	3	0	0	0	0	11	5	0	3	0	14	5	0	3	0	26.3%	0.238	1.272	1.510	0.289	1.060	1.349	0.000	4.708	4.708	0.097	0.516	0.613	47	6.4%	41	43	1	0	100.00%
139	CA	Morgan Rielly	TOR	30	D	31	2	17	19	4	10	21:17	19:50	1:14	0:12	2	0	0	0	0	10	7	0	6	3	12	7	0	6	3	36.8%	0.182	1.545	1.727	0.195	0.976	1.171	0.000	10.848	10.848	0.065	0.548	0.613	43	4.7%	3	62	0	0	0.00%
140	CA	Pavel Dorofeyev	VGK	24	F	30	13	5	18	18	8	16:50	14:20	2:29	0:00	10	3	0	3	0	3	2	0	1	0	13	5	0	4	0	27.8%	1.545	0.594	2.139	1.395	0.418	1.813	2.408	1.605	4.013	0.433	0.167	0.600	101	12.9%	15	8	0	4	0.00%
141	CA	Shane Wright	SEA	20	F	29	10	8	18	6	4	15:04	12:49	2:13	0:01	9	1	0	0	0	6	2	0	1	0	15	3	0	1	0	16.7%	1.373	1.098	2.471	1.453	0.969	2.421	0.929	1.857	2.786	0.345	0.276	0.621	42	23.8%	15	25	144	205	41.26%
142	CA	Brendan Gallagher	MTL	32	F	31	10	8	18	16	3	14:14	12:51	1:22	0:00	8	2	0	0	0	7	1	0	2	0	15	3	0	2	0	16.7%	1.359	1.087	2.446	1.204	1.053	2.257	2.829	1.415	4.244	0.323	0.258	0.581	54	18.5%	37	16	0	1	0.00%
143	CA	Marco Kasper	DET	20	F	31	10	8	18	16	6	17:00	15:02	1:04	0:52	10	0	0	2	1	8	0	0	2	1	18	0	0	4	2	0.0%	1.138	0.910	2.049	1.287	1.029	2.316	0.000	0.000	0.000	0.323	0.258	0.581	69	14.5%	79	25	116	160	42.03%
144	CA	Josh Morrissey	WPG	29	D	27	9	9	18	0	7	25:11	21:13	3:05	0:52	7	2	0	2	1	7	2	0	3	2	14	4	0	5	3	22.2%	0.794	0.794	1.588	0.733	0.733	1.466	1.441	1.441	2.882	0.333	0.333	0.667	63	14.3%	16	35	0	0	0.00%
145	CA	Carter Verhaeghe	FLA	29	F	29	9	9	18	18	4	17:36	15:43	1:52	0:00	7	2	0	1	0	9	0	0	1	0	16	2	0	2	0	11.1%	1.058	1.058	2.116	0.921	1.184	2.106	2.208	0.000	2.208	0.310	0.310	0.621	89	10.1%	26	8	6	8	42.86%
146	CA	Frank Nazar	CHI	20	F	31	9	9	18	16	-11	16:46	14:22	1:11	1:12	7	1	1	1	1	5	3	1	0	0	12	4	2	1	1	22.2%	1.038	1.038	2.076	0.943	0.673	1.616	1.617	4.850	6.466	0.290	0.290	0.581	64	14.1%	13	24	131	150	46.62%
147	CA	Ivan Barbashev	VGK	29	F	28	8	10	18	4	13	16:45	15:39	1:06	0:00	7	1	0	0	0	9	1	0	3	0	16	2	0	3	0	11.1%	1.022	1.278	2.301	0.958	1.232	2.189	1.948	1.948	3.896	0.286	0.357	0.643	44	18.2%	23	9	6	10	37.50%
148	CA	Christian Dvorak	MTL	28	F	31	8	10	18	6	6	16:13	13:57	0:26	1:49	7	1	0	0	0	10	0	0	1	0	17	1	0	1	0	5.6%	0.954	1.193	2.148	0.971	1.387	2.357	4.343	0.000	4.343	0.258	0.323	0.581	40	20.0%	26	26	228	188	54.81%
149	CA	Brett Howden	VGK	26	F	29	7	11	18	24	11	14:32	13:27	0:11	0:53	7	0	0	1	0	11	0	0	2	1	18	0	0	3	1	0.0%	0.996	1.566	2.562	1.076	1.691	2.767	0.000	0.000	0.000	0.241	0.379	0.621	41	17.1%	30	14	161	149	51.94%
150	CA	Mats Zuccarello	MIN	37	F	30	7	11	18	8	-6	19:52	16:41	3:09	0:01	6	1	0	3	1	6	5	0	3	2	12	6	0	6	3	33.3%	0.705	1.107	1.812	0.719	0.719	1.438	0.633	3.166	3.799	0.233	0.367	0.600	65	10.8%	15	22	2	9	18.18%
151	CA	Simon Holmström	NYI	23	F	32	7	11	18	2	-2	17:41	13:55	2:09	1:36	6	1	0	1	0	7	2	2	3	1	13	3	2	4	1	16.7%	0.742	1.166	1.908	0.808	0.943	1.751	0.867	1.734	2.601	0.219	0.344	0.563	46	15.2%	12	25	1	2	33.33%
152	CA	Will Cuylle	NYR	22	F	32	7	11	18	21	6	15:19	13:36	0:43	0:58	5	1	1	2	0	10	0	1	0	0	15	1	2	2	0	5.6%	0.857	1.346	2.203	0.689	1.378	2.067	2.562	0.000	2.562	0.219	0.344	0.563	58	12.1%	120	19	2	5	28.57%
153	CA	Marcus Johansson	MIN	34	F	28	6	12	18	8	-7	16:59	15:08	1:33	0:17	4	1	1	0	0	9	3	0	3	1	13	4	1	3	1	22.2%	0.757	1.514	2.271	0.566	1.273	1.839	1.380	4.141	5.521	0.214	0.429	0.643	53	11.3%	25	9	2	8	20.00%
154	CA	Jonathan Marchessault	NSH	34	F	28	6	12	18	6	-18	17:22	14:28	2:54	0:00	5	1	0	2	0	6	6	0	1	0	11	7	0	3	0	38.9%	0.740	1.480	2.219	0.741	0.889	1.629	0.736	4.414	5.150	0.214	0.429	0.643	53	11.3%	16	12	6	13	31.58%
155	CA	Tyler Bertuzzi	CHI	29	F	31	6	12	18	10	-14	15:34	13:13	2:21	0:00	4	2	0	1	0	5	7	0	0	0	9	9	0	1	0	50.0%	0.746	1.492	2.237	0.586	0.732	1.318	1.647	5.765	7.412	0.194	0.387	0.581	46	13.0%	12	6	5	10	33.33%
156	CA	Noah Hanifin	VGK	27	D	28	4	14	18	0	11	21:46	19:09	1:57	0:38	3	1	0	1	0	7	7	0	5	0	10	8	0	6	0	44.4%	0.394	1.378	1.772	0.335	0.783	1.118	1.095	7.667	8.762	0.143	0.500	0.643	47	8.5%	11	26	0	0	0.00%
157	CA	Anthony DeAngelo	NYI	29	D	32	4	14	18	10	-14	23:10	19:52	2:59	0:19	4	0	0	1	1	10	4	0	2	1	14	4	0	3	2	22.2%	0.324	1.133	1.457	0.377	0.944	1.321	0.000	2.514	2.514	0.125	0.438	0.563	72	5.6%	15	33	0	0	0.00%
158	CA	Jamie Benn	DAL	35	F	29	3	15	18	12	2	14:12	12:08	1:34	0:29	3	0	0	0	0	12	3	0	1	0	15	3	0	1	0	16.7%	0.437	2.185	2.622	0.512	2.046	2.558	0.000	3.944	3.944	0.103	0.517	0.621	41	7.3%	40	13	94	78	54.65%
159	CA	Travis Konecny	PHI	27	F	29	3	15	18	8	-17	20:32	16:18	2:54	1:19	3	0	0	1	0	11	4	0	1	0	14	4	0	2	0	22.2%	0.302	1.511	1.813	0.381	1.395	1.776	0.000	2.853	2.853	0.103	0.517	0.621	66	4.6%	24	14	16	17	48.48%
160	CA	Shane Pinto	OTT	24	F	27	11	6	17	10	8	16:56	14:24	0:35	1:55	10	0	1	1	0	6	0	0	3	0	16	0	1	4	0	0.0%	1.443	0.787	2.230	1.542	0.925	2.467	0.000	0.000	0.000	0.407	0.222	0.630	44	25.0%	33	23	135	139	49.27%
161	CA	Valeri Nichushkin	COL	29	F	22	10	7	17	4	5	19:50	15:41	3:04	1:04	7	3	0	0	0	4	3	0	1	0	11	6	0	1	0	35.3%	1.374	0.962	2.336	1.216	0.695	1.911	2.666	2.666	5.332	0.455	0.318	0.773	66	15.2%	37	11	0	0	0.00%
162	CA	Jake DeBrusk	VAN	28	F	31	10	7	17	8	-7	16:49	13:56	2:51	0:01	4	6	0	2	1	5	2	0	1	0	9	8	0	3	1	47.1%	1.150	0.805	1.955	0.555	0.694	1.249	4.068	1.356	5.424	0.323	0.226	0.548	69	14.5%	21	17	7	5	58.33%
163	CA	Taylor Hall	CAR	33	F	29	9	8	17	20	-1	15:29	13:02	2:25	0:00	5	4	0	2	0	6	2	0	1	0	11	6	0	3	0	35.3%	1.203	1.069	2.271	0.793	0.952	1.745	3.406	1.703	5.109	0.310	0.276	0.586	62	14.5%	17	11	11	10	52.38%
164	CA	Brock Boeser	VAN	27	F	31	9	8	17	0	-11	18:53	15:40	3:12	0:00	5	4	0	2	0	4	4	0	2	1	9	8	0	4	1	47.1%	0.922	0.820	1.742	0.617	0.494	1.111	2.416	2.416	4.832	0.290	0.258	0.548	56	16.1%	33	18	9	17	34.62%
165	CA	Gage Goncalves	TBL	23	F	32	7	10	17	10	7	13:40	13:14	0:25	0:00	6	1	0	1	0	10	0	0	2	0	16	1	0	3	0	5.9%	0.960	1.372	2.332	0.850	1.416	2.266	4.423	0.000	4.423	0.219	0.313	0.531	41	17.1%	49	11	3	3	50.00%
166	CA	Jonathan Drouin	COL	29	F	23	5	12	17	4	0	16:05	13:08	2:54	0:02	3	2	0	0	0	5	7	0	1	0	8	9	0	1	0	52.9%	0.811	1.946	2.757	0.595	0.992	1.588	1.796	6.287	8.084	0.217	0.522	0.739	26	19.2%	8	7	6	3	66.67%
167	CA	Ryan Nugent-Hopkins	EDM	31	F	28	5	12	17	10	-2	18:45	13:54	2:58	1:52	2	1	2	1	0	7	5	0	2	0	9	6	2	3	0	35.3%	0.571	1.371	1.942	0.308	1.079	1.387	0.719	3.594	4.313	0.179	0.429	0.607	60	8.3%	11	16	130	159	44.98%
168	CA	Luke Evangelista	NSH	22	F	28	5	12	17	6	-1	15:12	13:54	1:18	0:00	5	0	0	1	0	9	3	0	2	0	14	3	0	3	0	17.6%	0.704	1.690	2.394	0.770	1.386	2.157	0.000	4.925	4.925	0.179	0.429	0.607	56	8.9%	13	6	0	3	0.00%
169	CA	Jean-Gabriel Pageau	NYI	32	F	32	5	12	17	2	-4	16:49	13:17	1:39	1:51	4	1	0	0	0	9	2	1	1	0	13	3	1	1	0	17.6%	0.557	1.338	1.895	0.564	1.269	1.833	1.129	2.258	3.387	0.156	0.375	0.531	38	13.2%	38	26	288	183	61.15%
170	CA	Drew Doughty	LAK	35	D	28	4	13	17	20	13	24:01	19:49	2:37	1:33	3	0	1	1	0	7	6	0	2	0	10	6	1	3	0	35.3%	0.357	1.160	1.517	0.324	0.756	1.081	0.000	4.897	4.897	0.143	0.464	0.607	42	9.5%	25	44	0	0	0.00%
171	CA	Pavel Zacha	BOS	27	F	29	3	14	17	4	-10	18:56	15:22	1:46	1:48	2	1	0	2	0	11	3	0	1	0	13	4	0	3	0	23.5%	0.328	1.529	1.856	0.269	1.480	1.749	1.171	3.512	4.683	0.103	0.483	0.586	36	8.3%	32	12	151	130	53.74%
172	CA	Ryan McDonagh	TBL	35	D	32	3	14	17	10	23	20:07	17:28	0:24	2:14	3	0	0	2	0	12	1	1	3	0	15	1	1	5	0	5.9%	0.280	1.305	1.584	0.322	1.288	1.610	0.000	4.551	4.551	0.094	0.438	0.531	30	10.0%	10	54	0	0	0.00%
173	CA	Quinn Hughes	VAN	25	D	21	2	15	17	2	-13	26:40	22:45	3:41	0:13	1	1	0	0	0	9	6	0	3	2	10	7	0	3	2	41.2%	0.214	1.606	1.821	0.126	1.130	1.255	0.773	4.638	5.411	0.095	0.714	0.810	56	3.6%	6	23	0	0	0.00%
174	CA	Shayne Gostisbehere	CAR	31	D	26	1	16	17	32	6	18:23	14:54	3:11	0:17	1	0	0	0	0	7	9	0	4	0	8	9	0	4	0	52.9%	0.126	2.008	2.134	0.155	1.083	1.238	0.000	6.511	6.511	0.038	0.615	0.654	42	2.4%	7	29	0	0	0.00%
175	CA	Timo Meier	NJD	28	F	28	11	5	16	8	-6	18:35	16:22	2:11	0:02	7	4	0	3	0	4	1	0	1	1	11	5	0	4	1	31.3%	1.268	0.576	1.844	0.916	0.524	1.440	3.913	0.978	4.891	0.393	0.179	0.571	89	12.4%	55	21	3	7	30.00%
176	CA	Brady Tkachuk	OTT	25	F	21	10	6	16	26	-3	17:32	14:12	3:18	0:02	5	5	0	1	1	3	3	0	1	0	8	8	0	2	1	50.0%	1.628	0.977	2.605	1.005	0.603	1.608	4.327	2.596	6.923	0.476	0.286	0.762	95	10.5%	50	3	45	41	52.33%
177	CA	Alex Killorn	ANA	35	F	31	9	7	16	6	11	17:09	13:10	1:42	2:15	8	0	1	2	0	6	0	1	1	0	14	0	2	3	0	0.0%	1.016	0.790	1.806	1.175	0.881	2.056	0.000	0.000	0.000	0.290	0.226	0.516	53	17.0%	28	10	1	5	16.67%
178	CA	Mike Amadio	OTT	28	F	31	9	7	16	2	11	14:28	14:05	0:18	0:04	8	1	0	2	0	7	0	0	1	0	15	1	0	3	0	6.3%	1.204	0.936	2.140	1.099	0.962	2.061	6.327	0.000	6.327	0.290	0.226	0.516	41	22.0%	58	21	17	18	48.57%
179	CA	Nikolaj Ehlers	WPG	28	F	25	8	8	16	11	3	16:03	13:21	2:38	0:02	6	2	0	2	1	6	2	0	3	1	12	4	0	5	2	25.0%	1.196	1.196	2.393	1.077	1.077	2.155	1.819	1.819	3.638	0.320	0.320	0.640	65	12.3%	12	17	3	6	33.33%
180	CA	Ryan Poehling	PHI	25	F	25	8	8	16	4	-4	14:53	12:47	0:35	1:30	6	2	0	1	0	6	1	1	0	0	12	3	1	1	0	18.8%	1.289	1.289	2.579	1.125	1.125	2.250	8.163	4.082	12.245	0.320	0.320	0.640	30	26.7%	9	28	136	134	50.37%
181	CA	Evgeni Malkin	PIT	38	F	21	7	9	16	18	-5	17:12	15:27	1:44	0:00	5	2	0	1	1	5	4	0	1	1	10	6	0	2	2	37.5%	1.163	1.495	2.658	0.924	0.924	1.849	3.285	6.569	9.854	0.333	0.429	0.762	45	15.6%	9	12	120	112	51.72%
182	CA	Kevin Stenlund	UTA	28	F	31	7	9	16	18	7	14:33	11:58	0:04	2:31	7	0	0	1	0	9	0	0	0	0	16	0	0	1	0	0.0%	0.930	1.196	2.126	1.132	1.455	2.586	0.000	0.000	0.000	0.226	0.290	0.516	41	17.1%	18	27	264	191	58.02%
183	CA	Jackson Blake	CAR	21	F	28	6	10	16	6	9	16:33	13:46	2:46	0:00	4	2	0	1	0	8	2	0	5	1	12	4	0	6	1	25.0%	0.777	1.294	2.071	0.622	1.244	1.866	1.547	1.547	3.093	0.214	0.357	0.571	64	9.4%	4	11	2	1	66.67%
184	CA	Frank Vatrano	ANA	30	F	31	6	10	16	48	-6	17:03	13:55	2:16	0:50	6	0	0	0	0	10	0	0	0	0	16	0	0	0	0	0.0%	0.681	1.135	1.816	0.834	1.390	2.223	0.000	0.000	0.000	0.194	0.323	0.516	71	8.5%	52	30	6	6	50.00%
185	CA	Sean Monahan	CBJ	30	F	13	5	11	16	6	2	17:39	14:31	2:04	1:02	2	3	0	0	0	8	2	1	3	0	10	5	1	3	0	31.3%	1.307	2.876	4.183	0.635	2.542	3.177	6.658	4.439	11.097	0.385	0.846	1.231	22	22.7%	12	10	160	125	56.14%
186	CA	Claude Giroux	OTT	36	F	30	5	11	16	2	-9	17:24	12:23	2:50	2:09	3	2	0	1	0	5	6	0	2	1	8	8	0	3	1	50.0%	0.574	1.264	1.838	0.484	0.807	1.291	1.405	4.216	5.622	0.167	0.367	0.533	42	11.9%	23	14	223	123	64.45%
187	CA	Charlie Coyle	COL	32	F	30	5	11	16	8	-1	16:12	12:56	1:27	1:48	4	0	1	2	0	7	4	0	0	0	11	4	1	2	0	25.0%	0.617	1.357	1.974	0.618	1.082	1.700	0.000	5.467	5.467	0.167	0.367	0.533	42	11.9%	29	18	134	156	46.21%
188	CA	Troy Terry	ANA	27	F	30	5	11	16	6	0	18:43	15:43	2:42	0:17	5	0	0	1	0	9	2	0	2	1	14	2	0	3	1	12.5%	0.534	1.175	1.710	0.636	1.145	1.781	0.000	1.478	1.478	0.167	0.367	0.533	72	6.9%	2	11	6	4	60.00%
189	CA	Conor Garland	VAN	28	F	30	5	11	16	23	-9	17:32	14:14	2:30	0:48	3	2	0	2	1	8	3	0	1	1	11	5	0	3	2	31.3%	0.570	1.254	1.824	0.421	1.124	1.545	1.598	2.396	3.994	0.167	0.367	0.533	59	8.5%	20	29	1	5	16.67%
190	CA	Jason Zucker	BUF	32	F	24	4	12	16	6	4	15:49	12:58	2:49	0:01	2	2	0	2	0	8	4	0	1	0	10	6	0	3	0	37.5%	0.632	1.895	2.527	0.385	1.541	1.926	1.766	3.531	5.297	0.167	0.500	0.667	54	7.4%	21	7	16	22	42.11%
191	CA	Adam Larsson	SEA	32	D	29	4	12	16	12	19	22:00	19:16	0:03	2:40	4	0	0	0	0	12	0	0	3	0	16	0	0	3	0	0.0%	0.376	1.128	1.505	0.429	1.288	1.718	0.000	0.000	0.000	0.138	0.414	0.552	43	9.3%	35	38	0	0	0.00%
192	CA	K'Andre Miller	NYR	24	D	30	4	12	16	12	5	22:10	18:47	1:03	2:19	4	0	0	1	0	11	1	0	1	1	15	1	0	2	1	6.3%	0.361	1.082	1.443	0.426	1.170	1.596	0.000	1.894	1.894	0.133	0.400	0.533	43	9.3%	38	50	0	0	0.00%
193	CA	Darren Raddysh	TBL	28	D	31	3	13	16	6	8	16:01	14:21	1:34	0:05	2	1	0	0	0	11	2	0	0	0	13	3	0	0	0	18.8%	0.362	1.570	1.932	0.269	1.482	1.752	1.230	2.459	3.689	0.097	0.419	0.516	42	7.1%	13	32	0	0	0.00%
194	CA	Vince Dunn	SEA	28	D	29	1	15	16	12	6	22:38	20:02	2:28	0:07	1	0	0	0	0	10	5	0	1	1	11	5	0	1	1	31.3%	0.091	1.371	1.462	0.103	1.032	1.136	0.000	4.167	4.167	0.034	0.517	0.552	60	1.7%	8	39	0	0	0.00%
195	CA	Kyle Palmieri	NYI	33	F	32	11	4	15	8	-10	18:50	14:59	2:49	1:01	8	3	0	1	0	4	0	0	0	0	12	3	0	1	0	20.0%	1.095	0.398	1.493	1.000	0.500	1.500	1.993	0.000	1.993	0.344	0.125	0.469	78	14.1%	20	25	3	7	30.00%
196	CA	Alex Iafallo	WPG	31	F	29	9	6	15	2	9	13:47	10:32	1:31	1:43	7	2	0	2	0	5	1	0	2	0	12	3	0	4	0	20.0%	1.350	0.900	2.250	1.374	0.982	2.356	2.702	1.351	4.053	0.310	0.207	0.517	37	24.3%	26	27	5	5	50.00%
197	CA	David Perron	OTT	36	F	30	9	6	15	10	-1	14:39	12:40	1:58	0:00	5	4	0	2	0	5	1	0	0	0	10	5	0	2	0	33.3%	1.228	0.819	2.047	0.788	0.788	1.577	4.065	1.016	5.082	0.300	0.200	0.500	42	21.4%	53	8	6	13	31.58%
198	CA	Matthew Samoskevich	FLA	22	F	25	8	7	15	4	-4	16:10	13:21	2:47	0:02	5	3	0	1	0	2	5	0	2	0	7	8	0	3	0	53.3%	1.186	1.038	2.225	0.898	0.359	1.257	2.587	4.311	6.898	0.320	0.280	0.600	56	14.3%	61	16	0	1	0.00%
199	CA	Patrik Laine	MTL	26	F	29	8	7	15	8	-8	13:24	10:11	3:13	0:00	3	5	0	2	0	4	3	0	0	0	7	8	0	2	0	53.3%	1.234	1.080	2.314	0.609	0.813	1.422	3.203	1.922	5.125	0.276	0.241	0.517	56	14.3%	12	11	5	8	38.46%
200	CA	Anders Lee	NYI	34	F	32	7	8	15	15	-15	16:45	14:09	2:35	0:00	6	1	0	1	0	6	2	0	2	0	12	3	0	3	0	20.0%	0.784	0.895	1.679	0.795	0.795	1.590	0.722	1.443	2.165	0.219	0.250	0.469	92	7.6%	41	13	7	6	53.85%
201	CA	Artturi Lehkonen	COL	29	F	28	6	9	15	20	16	19:24	17:01	1:47	0:36	6	0	0	1	0	6	3	0	0	0	12	3	0	1	0	20.0%	0.662	0.993	1.656	0.755	0.755	1.511	0.000	3.590	3.590	0.214	0.321	0.536	60	10.0%	16	16	2	2	50.00%
202	CA	Noah Cates	PHI	25	F	29	6	9	15	8	-3	17:48	14:42	1:20	1:44	6	0	0	1	0	8	1	0	0	0	14	1	0	1	0	6.7%	0.697	1.045	1.742	0.844	1.125	1.968	0.000	1.535	1.535	0.207	0.310	0.517	44	13.6%	35	24	199	289	40.78%
203	CA	Kaapo Kakko	SEA	23	F	29	6	9	15	8	-9	17:03	14:52	2:09	0:00	4	2	0	1	0	7	2	0	0	0	11	4	0	1	0	26.7%	0.728	1.092	1.820	0.556	0.973	1.529	1.917	1.917	3.834	0.207	0.310	0.517	42	14.3%	21	13	11	5	68.75%
204	CA	Max Domi	TOR	29	F	31	5	10	15	42	5	13:17	12:18	0:58	0:00	5	0	0	0	0	5	5	0	3	0	10	5	0	3	0	33.3%	0.728	1.455	2.183	0.786	0.786	1.572	0.000	9.852	9.852	0.161	0.323	0.484	31	16.1%	16	13	108	86	55.67%
205	CA	Noah Dobson	NYI	24	D	25	4	11	15	12	-8	21:53	17:34	3:30	0:48	3	1	0	1	0	7	4	0	1	0	10	5	0	2	0	33.3%	0.438	1.206	1.644	0.409	0.955	1.365	0.685	2.740	3.425	0.160	0.440	0.600	53	7.6%	15	45	0	0	0.00%
206	CA	Moritz Seider	DET	23	D	31	4	11	15	14	-2	24:53	20:45	2:44	1:23	0	4	0	0	0	6	5	0	3	1	6	9	0	3	1	60.0%	0.311	0.856	1.167	0.000	0.560	0.560	2.823	3.529	6.352	0.129	0.355	0.484	60	6.7%	75	67	0	0	0.00%
207	CA	Alexis Lafrenière	NYR	23	F	32	4	11	15	14	0	15:41	14:24	1:16	0:00	4	0	0	1	0	11	0	0	2	0	15	0	0	3	0	0.0%	0.478	1.315	1.793	0.520	1.431	1.951	0.000	0.000	0.000	0.125	0.344	0.469	33	12.1%	51	10	2	10	16.67%
208	CA	Jordan Eberle	SEA	34	F	25	3	12	15	8	-3	16:32	14:24	2:07	0:01	3	0	0	0	0	9	3	0	1	0	12	3	0	1	0	20.0%	0.435	1.740	2.175	0.500	1.499	1.999	0.000	3.394	3.394	0.120	0.480	0.600	37	8.1%	13	11	4	5	44.44%
209	CA	Reilly Smith	VGK	33	F	30	3	12	15	8	9	14:59	13:00	0:50	1:08	2	1	0	2	1	9	2	1	3	0	11	3	1	5	1	20.0%	0.400	1.601	2.001	0.308	1.384	1.692	2.373	4.746	7.119	0.100	0.400	0.500	50	6.0%	13	13	3	6	33.33%
210	CA	Maxim Tsyplakov	NYI	26	F	31	3	12	15	8	-5	13:25	12:14	1:10	0:00	2	1	0	0	0	12	0	0	1	0	14	1	0	1	0	6.7%	0.433	1.731	2.163	0.316	1.898	2.215	1.640	0.000	1.640	0.097	0.387	0.484	53	5.7%	38	19	3	5	37.50%
211	CA	Yanni Gourde	TBL	33	F	22	1	14	15	16	4	16:48	15:29	0:52	0:27	1	0	0	1	0	13	1	0	2	0	14	1	0	3	0	6.7%	0.162	2.271	2.434	0.176	2.290	2.466	0.000	3.109	3.109	0.045	0.636	0.682	37	2.7%	51	10	84	87	49.12%
212	CA	Jared Spurgeon	MIN	35	D	29	1	14	15	2	4	20:13	17:51	1:12	1:09	1	0	0	0	0	9	5	0	2	1	10	5	0	2	1	33.3%	0.102	1.432	1.534	0.116	1.043	1.159	0.000	8.563	8.563	0.034	0.483	0.517	41	2.4%	24	54	0	0	0.00%
213	CA	Zach Hyman	EDM	32	F	27	10	4	14	10	-5	18:03	15:15	2:48	0:00	9	1	0	2	1	3	1	0	0	0	12	2	0	2	1	14.3%	1.230	0.492	1.722	1.311	0.437	1.748	0.792	0.792	1.584	0.370	0.148	0.519	76	13.2%	22	7	1	0	100.00%
214	CA	Matthew Beniers	SEA	22	F	29	9	5	14	2	-6	19:18	16:05	2:11	1:01	6	3	0	2	1	3	2	0	0	0	9	5	0	2	1	35.7%	0.964	0.536	1.500	0.771	0.386	1.157	2.835	1.890	4.724	0.310	0.172	0.483	54	16.7%	16	32	195	217	47.33%
215	CA	Nicolas Roy	VGK	27	F	30	9	5	14	6	3	14:47	13:00	1:07	0:39	7	2	0	1	0	5	0	0	1	0	12	2	0	2	0	14.3%	1.217	0.676	1.893	1.076	0.769	1.844	3.582	0.000	3.582	0.300	0.167	0.467	45	20.0%	37	30	164	179	47.81%
216	CA	Jaden Schwartz	SEA	32	F	28	8	6	14	4	-6	17:32	15:21	2:09	0:01	5	3	0	1	0	5	1	0	0	0	10	4	0	1	0	28.6%	0.977	0.733	1.710	0.698	0.698	1.396	2.978	0.993	3.970	0.286	0.214	0.500	72	11.1%	11	13	19	15	55.88%
217	CA	Brandon Montour	SEA	30	D	29	8	6	14	35	-17	21:56	19:21	2:16	0:17	7	1	0	2	1	4	2	0	0	0	11	3	0	2	1	21.4%	0.754	0.566	1.320	0.748	0.427	1.176	0.907	1.815	2.722	0.276	0.207	0.483	84	9.5%	27	38	0	0	0.00%
218	CA	Logan Stankoven	CAR	21	F	29	8	6	14	14	0	14:14	12:40	1:34	0:00	7	1	0	2	0	5	1	0	1	0	12	2	0	3	0	14.3%	1.162	0.872	2.034	1.143	0.817	1.960	1.319	1.319	2.637	0.276	0.207	0.483	63	12.7%	15	14	19	28	40.43%
219	CA	Frederick Gaudreau	MIN	31	F	30	8	6	14	2	-3	17:06	13:13	1:24	2:27	5	3	0	1	0	6	0	0	1	0	11	3	0	2	0	21.4%	0.935	0.702	1.637	0.756	0.907	1.663	4.239	0.000	4.239	0.267	0.200	0.467	39	20.5%	18	29	216	259	45.47%
220	CA	Mathieu Olivier	CBJ	27	F	30	8	6	14	47	5	14:49	13:31	0:16	1:01	8	0	0	2	0	6	0	0	0	0	14	0	0	2	0	0.0%	1.079	0.809	1.889	1.183	0.887	2.069	0.000	0.000	0.000	0.267	0.200	0.467	53	15.1%	117	19	5	6	45.45%
221	CA	Yegor Sharangovich	CGY	26	F	30	8	6	14	4	-5	15:32	13:17	1:48	0:26	6	2	0	2	0	5	1	0	0	0	11	3	0	2	0	21.4%	1.029	0.772	1.801	0.903	0.752	1.655	2.204	1.102	3.306	0.267	0.200	0.467	42	19.1%	8	15	25	48	34.25%
222	CA	Jakob Chychrun	WSH	26	D	28	7	7	14	22	-3	21:23	19:39	1:36	0:07	6	1	0	3	0	5	2	0	3	0	11	3	0	6	0	21.4%	0.701	0.701	1.402	0.654	0.545	1.199	1.338	2.677	4.015	0.250	0.250	0.500	73	9.6%	24	32	0	0	0.00%
223	CA	James van Riemsdyk	CBJ	35	F	26	6	8	14	13	1	12:14	11:30	0:43	0:00	6	0	0	1	0	8	0	0	0	0	14	0	0	1	0	0.0%	1.131	1.508	2.639	1.203	1.604	2.807	0.000	0.000	0.000	0.231	0.308	0.538	27	22.2%	15	5	4	3	57.14%
224	CA	Brandon Saad	VGK	32	F	29	6	8	14	0	6	15:08	14:00	0:12	0:55	6	0	0	1	0	7	1	0	1	0	13	1	0	2	0	7.1%	0.820	1.093	1.912	0.886	1.034	1.920	0.000	9.945	9.945	0.207	0.276	0.483	52	11.5%	5	10	4	12	25.00%
225	CA	Marco Rossi	MIN	23	F	30	6	8	14	12	-15	18:09	15:28	2:36	0:05	4	2	0	2	2	4	4	0	1	0	8	6	0	3	2	42.9%	0.661	0.881	1.542	0.517	0.517	1.034	1.537	3.074	4.611	0.200	0.267	0.467	45	13.3%	28	17	158	206	43.41%
226	CA	Alex Laferriere	LAK	23	F	32	6	8	14	6	12	16:37	15:21	1:08	0:07	6	0	0	0	0	8	0	0	3	0	14	0	0	3	0	0.0%	0.677	0.902	1.579	0.732	0.976	1.709	0.000	0.000	0.000	0.188	0.250	0.438	94	6.4%	44	26	21	37	36.21%
227	CA	Philip Broberg	STL	23	D	29	5	9	14	6	14	20:57	19:17	0:15	1:24	5	0	0	1	1	9	0	0	2	0	14	0	0	3	1	0.0%	0.494	0.889	1.383	0.536	0.965	1.501	0.000	0.000	0.000	0.172	0.310	0.483	46	10.9%	15	53	0	0	0.00%
228	CA	Josh Doan	UTA	22	F	31	5	9	14	2	3	13:07	12:11	0:54	0:01	3	2	0	1	0	8	1	0	1	0	11	3	0	2	0	21.4%	0.738	1.328	2.066	0.476	1.270	1.747	4.258	2.129	6.387	0.161	0.290	0.452	60	8.3%	27	8	13	12	52.00%
229	CA	Brady Skjei	NSH	30	D	32	5	9	14	18	-20	22:34	18:12	1:35	2:46	4	1	0	0	0	5	4	0	1	1	9	5	0	1	1	35.7%	0.415	0.748	1.163	0.412	0.515	0.927	1.184	4.735	5.919	0.156	0.281	0.438	57	8.8%	11	38	0	0	0.00%
230	CA	Martin Fehervary	WSH	25	D	30	4	10	14	4	9	18:43	15:47	0:01	2:55	4	0	0	0	0	9	0	1	1	0	13	0	1	1	0	0.0%	0.427	1.068	1.495	0.507	1.140	1.647	0.000	0.000	0.000	0.133	0.333	0.467	28	14.3%	41	46	0	0	0.00%
231	CA	Vladislav Gavrikov	LAK	29	D	33	3	11	14	18	18	21:51	18:44	0:02	3:04	3	0	0	0	0	11	0	0	1	0	14	0	0	1	0	0.0%	0.250	0.915	1.165	0.291	1.068	1.359	0.000	0.000	0.000	0.091	0.333	0.424	46	6.5%	29	39	0	0	0.00%
232	CA	Bowen Byram	BUF	23	D	31	2	12	14	26	3	21:52	19:17	0:52	1:43	2	0	0	0	0	11	0	1	1	0	13	0	1	1	0	0.0%	0.177	1.062	1.239	0.201	1.104	1.305	0.000	0.000	0.000	0.065	0.387	0.452	32	6.3%	24	40	0	0	0.00%
233	CA	Corey Perry	EDM	39	F	31	10	3	13	36	4	12:37	10:52	1:44	0:00	6	4	0	2	0	2	1	0	1	0	8	5	0	3	0	38.5%	1.534	0.460	1.994	1.068	0.356	1.424	4.433	1.108	5.542	0.323	0.097	0.419	46	21.7%	18	10	8	8	50.00%
234	CA	Jonny Brodzinski	NYR	31	F	31	9	4	13	0	2	12:29	11:26	1:00	0:02	9	0	0	2	0	4	0	0	0	0	13	0	0	2	0	0.0%	1.395	0.620	2.015	1.522	0.677	2.199	0.000	0.000	0.000	0.290	0.129	0.419	48	18.8%	19	10	52	62	45.61%
235	CA	Nick Paul	TBL	29	F	32	8	5	13	10	12	16:09	14:55	0:52	0:21	8	0	0	1	0	5	0	0	1	0	13	0	0	2	0	0.0%	0.929	0.580	1.509	1.006	0.628	1.634	0.000	0.000	0.000	0.250	0.156	0.406	55	14.6%	25	15	119	136	46.67%
236	CA	Chris Kreider	NYR	33	F	26	7	6	13	4	2	15:34	11:54	2:21	1:18	4	1	2	1	0	5	1	0	0	0	9	2	2	1	0	15.4%	1.037	0.889	1.925	0.775	0.969	1.744	0.978	0.978	1.956	0.269	0.231	0.500	47	14.9%	21	10	11	8	57.89%
237	CA	Evgeny Dadonov	DAL	35	F	29	7	6	13	4	-7	12:19	11:57	0:21	0:00	6	1	0	1	0	6	0	0	0	0	12	1	0	1	0	7.7%	1.175	1.007	2.182	1.038	1.038	2.076	5.651	0.000	5.651	0.241	0.207	0.448	37	18.9%	11	13	0	0	0.00%
238	CA	Owen Tippett	PHI	25	F	25	6	7	13	2	2	14:30	13:21	1:08	0:00	6	0	0	1	0	6	1	0	1	0	12	1	0	2	0	7.7%	0.992	1.158	2.150	1.077	1.077	2.155	0.000	2.105	2.105	0.240	0.280	0.520	60	10.0%	40	17	2	2	50.00%
239	CA	Philip Tomasino	PIT	23	F	26	6	7	13	6	-5	13:23	12:12	1:10	0:00	5	1	0	3	0	5	2	0	1	0	10	3	0	4	0	23.1%	1.034	1.206	2.240	0.945	0.945	1.889	1.963	3.926	5.889	0.231	0.269	0.500	47	12.8%	30	10	0	7	0.00%
240	CA	Alex Newhook	MTL	23	F	31	6	7	13	8	-8	14:55	13:28	1:25	0:01	6	0	0	1	0	4	3	0	1	0	10	3	0	2	0	23.1%	0.778	0.908	1.687	0.862	0.575	1.437	0.000	4.091	4.091	0.194	0.226	0.419	47	12.8%	36	13	101	135	42.80%
241	CA	Dante Fabbro	CBJ	26	D	26	5	8	13	18	8	21:17	19:19	0:07	1:50	5	0	0	2	0	8	0	0	3	0	13	0	0	5	0	0.0%	0.542	0.867	1.409	0.597	0.955	1.552	0.000	0.000	0.000	0.192	0.308	0.500	36	13.9%	24	42	0	0	0.00%
242	CA	Dmitry Voronkov	CBJ	24	F	30	5	8	13	16	2	16:13	14:32	1:39	0:01	4	1	0	0	0	7	1	0	1	0	11	2	0	1	0	15.4%	0.617	0.987	1.603	0.550	0.962	1.512	1.210	1.210	2.419	0.167	0.267	0.433	62	8.1%	34	17	16	23	41.03%
243	CA	Vladimir Tarasenko	DET	33	F	31	5	8	13	0	-3	14:47	13:27	1:13	0:05	5	0	0	1	0	7	1	0	1	0	12	1	0	2	0	7.7%	0.654	1.047	1.701	0.719	1.007	1.726	0.000	1.571	1.571	0.161	0.258	0.419	52	9.6%	21	15	0	0	0.00%
244	CA	Nils Höglander	VAN	24	F	25	4	9	13	2	2	13:20	12:29	0:50	0:00	4	0	0	1	0	8	1	0	2	0	12	1	0	3	0	7.7%	0.720	1.619	2.339	0.768	1.537	2.305	0.000	2.853	2.853	0.160	0.360	0.520	32	12.5%	21	10	0	1	0.00%
245	CA	Chandler Stephenson	SEA	30	F	26	4	9	13	8	-2	19:29	15:14	2:14	2:00	3	0	1	0	0	7	2	0	4	2	10	2	1	4	2	15.4%	0.473	1.065	1.539	0.454	1.059	1.514	0.000	2.065	2.065	0.154	0.346	0.500	21	19.1%	13	19	249	234	51.55%
246	CA	Gustav Forsling	FLA	28	D	28	4	9	13	6	11	22:58	19:57	0:26	2:34	4	0	0	0	0	8	1	0	3	1	12	1	0	3	1	7.7%	0.373	0.839	1.212	0.429	0.859	1.288	0.000	4.898	4.898	0.143	0.321	0.464	61	6.6%	37	28	0	0	0.00%
247	CA	Ross Colton	COL	28	F	25	3	10	13	10	3	11:53	10:59	0:53	0:00	2	1	0	0	0	9	1	0	2	0	11	2	0	2	0	15.4%	0.606	2.019	2.625	0.436	1.964	2.400	2.699	2.699	5.397	0.120	0.400	0.520	44	6.8%	63	14	8	12	40.00%
248	CA	Justin Faulk	STL	32	D	30	2	11	13	14	3	22:11	19:05	1:50	1:15	1	1	0	0	0	8	3	0	3	0	9	4	0	3	0	30.8%	0.180	0.991	1.172	0.105	0.838	0.943	1.090	3.270	4.360	0.067	0.367	0.433	45	4.4%	27	40	0	0	0.00%
249	CA	Alex Vlasic	CHI	23	D	31	2	11	13	4	-12	22:28	19:03	1:04	2:20	2	0	0	0	0	7	3	1	0	0	9	3	1	0	0	23.1%	0.172	0.947	1.119	0.203	0.711	0.914	0.000	5.381	5.381	0.065	0.355	0.419	29	6.9%	17	56	0	0	0.00%
250	CA	Shea Theodore	VGK	29	D	16	1	12	13	10	8	22:01	19:12	2:19	0:29	1	0	0	1	0	11	1	0	1	1	12	1	0	2	1	7.7%	0.170	2.043	2.214	0.195	2.147	2.343	0.000	1.618	1.618	0.063	0.750	0.813	28	3.6%	1	19	0	0	0.00%
251	CA	Owen Power	BUF	22	D	28	1	12	13	4	-3	19:34	17:26	1:16	0:52	1	0	0	0	0	7	5	0	1	1	8	5	0	1	1	38.5%	0.109	1.313	1.423	0.123	0.860	0.983	0.000	8.392	8.392	0.036	0.429	0.464	49	2.0%	8	30	0	0	0.00%
252	CA	Vladislav Namestnikov	WPG	32	F	29	1	12	13	6	3	15:36	13:23	1:10	1:02	1	0	0	0	0	9	3	0	2	1	10	3	0	2	1	23.1%	0.133	1.591	1.724	0.155	1.391	1.545	0.000	5.297	5.297	0.034	0.414	0.448	40	2.5%	27	17	148	170	46.54%
253	CA	Matt Grzelcyk	PIT	30	D	29	0	13	13	8	8	21:17	18:47	1:52	0:38	0	0	0	0	0	8	5	0	1	0	8	5	0	1	0	38.5%	0.000	1.263	1.263	0.000	0.881	0.881	0.000	5.540	5.540	0.000	0.448	0.448	31	0.0%	20	31	0	0	0.00%
254	CA	Jeff Skinner	EDM	32	F	27	7	5	12	18	8	13:52	12:14	1:38	0:00	7	0	0	1	0	4	1	0	2	1	11	1	0	3	1	8.3%	1.122	0.801	1.923	1.271	0.727	1.998	0.000	1.359	1.359	0.259	0.185	0.444	48	14.6%	22	7	13	12	52.00%
255	CA	Oliver Bjorkstrand	TBL	29	F	27	6	6	12	9	0	14:15	12:05	2:10	0:00	5	1	0	1	0	2	4	0	0	0	7	5	0	1	0	41.7%	0.935	0.935	1.869	0.919	0.367	1.286	1.024	4.098	5.122	0.222	0.222	0.444	42	14.3%	23	15	1	3	25.00%
256	CA	Dawson Mercer	NJD	23	F	29	6	6	12	4	-5	17:56	14:00	1:54	2:01	2	4	0	1	0	5	1	0	2	1	7	5	0	3	1	41.7%	0.692	0.692	1.384	0.295	0.738	1.034	4.335	1.084	5.418	0.207	0.207	0.414	49	12.2%	12	24	56	95	37.09%
257	CA	Justin Danforth	CBJ	31	F	30	6	6	12	8	3	13:58	12:17	0:08	1:32	6	0	0	1	0	6	0	0	1	0	12	0	0	2	0	0.0%	0.859	0.859	1.718	0.976	0.976	1.952	0.000	0.000	0.000	0.200	0.200	0.400	37	16.2%	61	16	167	161	50.91%
258	CA	Peyton Krebs	BUF	23	F	31	6	6	12	32	7	14:33	13:39	0:16	0:37	4	1	1	0	0	6	0	0	1	0	10	1	1	1	0	8.3%	0.797	0.797	1.595	0.567	0.850	1.417	6.977	0.000	6.977	0.194	0.194	0.387	32	18.8%	48	13	129	156	45.26%
259	CA	Bobby McMann	TOR	28	F	31	6	6	12	13	6	13:49	12:41	1:06	0:01	4	2	0	2	0	5	1	0	0	0	9	3	0	2	0	25.0%	0.840	0.840	1.681	0.610	0.763	1.373	3.510	1.755	5.266	0.194	0.194	0.387	59	10.2%	65	9	0	6	0.00%
260	CA	Gabriel Vilardi	WPG	25	F	18	5	7	12	2	4	18:18	15:09	3:08	0:00	4	1	0	2	0	5	2	0	2	0	9	3	0	4	0	25.0%	0.911	1.275	2.185	0.880	1.100	1.979	1.060	2.120	3.179	0.278	0.389	0.667	33	15.2%	10	12	7	12	36.84%
261	CA	Mavrik Bourque	DAL	22	F	27	5	7	12	4	7	13:30	11:49	0:36	1:04	5	0	0	0	0	6	1	0	0	0	11	1	0	0	0	8.3%	0.822	1.151	1.974	0.940	1.128	2.068	0.000	3.614	3.614	0.185	0.259	0.444	28	17.9%	19	15	71	83	46.10%
262	CA	Anton Lundell	FLA	23	F	28	5	7	12	12	9	16:27	13:10	1:18	1:57	4	0	1	0	0	7	0	0	0	0	11	0	1	0	0	0.0%	0.651	0.911	1.562	0.650	1.138	1.788	0.000	0.000	0.000	0.179	0.250	0.429	57	8.8%	26	13	192	148	56.47%
263	CA	Adam Henrique	EDM	34	F	30	5	7	12	4	-2	14:54	11:53	1:22	1:38	2	2	1	1	0	4	3	0	2	0	6	5	1	3	0	41.7%	0.671	0.939	1.610	0.336	0.672	1.009	2.916	4.374	7.290	0.167	0.233	0.400	31	16.1%	21	34	235	179	56.76%
264	CA	Elias Pettersson	VAN	26	F	19	4	8	12	2	-5	17:58	14:51	2:50	0:16	2	2	0	0	0	5	3	0	1	0	7	5	0	1	0	41.7%	0.703	1.406	2.109	0.425	1.062	1.487	2.226	3.340	5.566	0.211	0.421	0.632	20	20.0%	33	20	167	147	53.18%
265	CA	Nick Foligno	CHI	37	F	28	4	8	12	11	-3	14:57	12:49	0:02	2:06	2	0	2	0	0	8	0	0	0	0	10	0	2	0	0	0.0%	0.573	1.146	1.719	0.334	1.338	1.672	0.000	0.000	0.000	0.143	0.286	0.429	38	10.5%	72	8	139	169	45.13%
266	CA	Seth Jones	FLA	30	D	29	4	8	12	8	-16	24:34	19:24	2:33	2:37	2	2	0	0	0	3	5	0	2	1	5	7	0	2	1	58.3%	0.337	0.673	1.010	0.213	0.320	0.533	1.618	4.044	5.662	0.138	0.276	0.414	63	6.4%	51	43	0	0	0.00%
267	CA	Ivan Provorov	CBJ	27	D	30	4	8	12	17	8	23:31	20:11	0:50	2:29	3	0	1	0	0	8	0	0	1	0	11	0	1	1	0	0.0%	0.340	0.680	1.020	0.297	0.792	1.090	0.000	0.000	0.000	0.133	0.267	0.400	42	9.5%	14	51	0	0	0.00%
268	CA	Jack Roslovic	CAR	27	F	30	4	8	12	6	-6	13:23	11:40	1:40	0:02	4	0	0	0	0	8	0	0	0	0	12	0	0	0	0	0.0%	0.597	1.194	1.792	0.685	1.370	2.055	0.000	0.000	0.000	0.133	0.267	0.400	43	9.3%	6	7	131	109	54.58%
269	CA	Alexander Kerfoot	UTA	30	F	30	4	8	12	6	1	15:30	13:07	0:01	2:20	3	0	1	1	0	8	0	0	0	0	11	0	1	1	0	0.0%	0.516	1.032	1.548	0.457	1.219	1.676	0.000	0.000	0.000	0.133	0.267	0.400	38	10.5%	33	27	94	72	56.63%
270	CA	Rasmus Andersson	CGY	28	D	31	4	8	12	12	-28	23:40	19:21	1:55	2:23	4	0	0	0	0	5	3	0	1	1	9	3	0	1	1	25.0%	0.327	0.654	0.981	0.400	0.500	0.900	0.000	3.019	3.019	0.129	0.258	0.387	63	6.4%	16	76	0	0	0.00%
271	CA	Ryan Strome	ANA	31	F	31	3	9	12	41	1	16:14	14:08	2:05	0:00	3	0	0	1	0	8	1	0	0	0	11	1	0	1	0	8.3%	0.358	1.073	1.430	0.411	1.096	1.506	0.000	0.927	0.927	0.097	0.290	0.387	51	5.9%	24	8	194	267	42.08%
272	CA	Simon Edvinsson	DET	21	D	31	3	9	12	43	0	21:42	19:44	0:46	1:10	3	0	0	2	0	9	0	0	2	0	12	0	0	4	0	0.0%	0.268	0.803	1.070	0.294	0.882	1.176	0.000	0.000	0.000	0.097	0.290	0.387	37	8.1%	39	59	0	0	0.00%
273	CA	Jack McBain	UTA	24	F	31	3	9	12	29	7	13:53	11:42	0:48	1:22	2	1	0	0	0	7	2	0	1	0	9	3	0	1	0	25.0%	0.418	1.254	1.672	0.330	1.156	1.487	2.411	4.823	7.234	0.097	0.290	0.387	36	8.3%	112	15	147	155	48.68%
274	CA	Morgan Frost	CGY	25	F	32	3	9	12	6	-6	16:37	13:39	2:57	0:00	2	1	0	0	0	2	7	0	3	0	4	8	0	3	0	66.7%	0.338	1.015	1.354	0.275	0.275	0.549	0.632	4.427	5.060	0.094	0.281	0.375	58	5.2%	34	21	223	219	50.45%
275	CA	Alexander Wennberg	SJS	30	F	25	2	10	12	6	-5	20:09	15:41	2:33	1:54	2	0	0	0	0	8	2	0	0	0	10	2	0	0	0	16.7%	0.238	1.191	1.429	0.306	1.224	1.529	0.000	1.878	1.878	0.080	0.400	0.480	24	8.3%	5	29	186	208	47.21%
276	CA	Jake Walman	EDM	28	D	24	1	11	12	14	3	22:47	18:05	1:55	2:46	1	0	0	0	0	8	2	1	1	0	9	2	1	1	0	16.7%	0.110	1.206	1.316	0.138	1.105	1.243	0.000	2.591	2.591	0.042	0.458	0.500	57	1.8%	20	69	0	0	0.00%
277	CA	Matt Roy	WSH	29	D	28	1	11	12	13	7	20:13	18:24	0:06	1:42	1	0	0	0	0	11	0	0	1	0	12	0	0	1	0	0.0%	0.106	1.165	1.271	0.116	1.280	1.396	0.000	0.000	0.000	0.036	0.393	0.429	36	2.8%	28	43	0	0	0.00%
278	CA	Rasmus Sandin	WSH	24	D	31	0	12	12	17	-4	18:58	18:02	0:25	0:29	0	0	0	0	0	10	2	0	0	0	10	2	0	0	0	16.7%	0.000	1.224	1.224	0.000	1.072	1.072	0.000	9.000	9.000	0.000	0.387	0.387	27	0.0%	29	47	0	0	0.00%
279	CA	Sam Colangelo	ANA	23	F	20	9	2	11	2	3	13:23	11:43	1:40	0:00	7	2	0	1	0	2	0	0	0	0	9	2	0	1	0	18.2%	2.016	0.448	2.463	1.792	0.512	2.304	3.580	0.000	3.580	0.450	0.100	0.550	25	36.0%	41	10	2	4	33.33%
280	CA	Viktor Arvidsson	EDM	31	F	31	9	2	11	10	-11	15:10	13:38	1:25	0:06	8	1	0	2	0	2	0	0	0	0	10	1	0	2	0	9.1%	1.148	0.255	1.403	1.135	0.284	1.419	1.357	0.000	1.357	0.290	0.065	0.355	73	12.3%	20	13	6	16	27.27%
281	CA	Eeli Tolvanen	SEA	25	F	28	8	3	11	13	3	15:39	13:59	0:08	1:30	7	1	0	1	0	3	0	0	0	0	10	1	0	1	0	9.1%	1.095	0.411	1.506	1.072	0.459	1.531	15.190	0.000	15.190	0.286	0.107	0.393	51	15.7%	77	26	3	2	60.00%
282	CA	Jordan Martinook	CAR	32	F	27	6	5	11	8	1	15:00	12:45	0:01	2:12	6	0	0	1	0	5	0	0	1	0	11	0	0	2	0	0.0%	0.889	0.741	1.629	1.045	0.871	1.915	0.000	0.000	0.000	0.222	0.185	0.407	33	18.2%	20	15	11	13	45.83%
283	CA	Michael Bunting	NSH	29	F	25	5	6	11	22	-3	16:14	14:30	1:44	0:00	3	2	0	0	0	5	1	0	1	0	8	3	0	1	0	27.3%	0.739	0.886	1.625	0.496	0.827	1.324	2.766	1.383	4.149	0.200	0.240	0.440	60	8.3%	15	9	1	3	25.00%
284	CA	Mikael Backlund	CGY	35	F	26	5	6	11	10	-2	17:40	14:02	1:24	2:12	5	0	0	0	0	5	1	0	1	0	10	1	0	1	0	9.1%	0.653	0.783	1.436	0.821	0.821	1.643	0.000	1.632	1.632	0.192	0.231	0.423	50	10.0%	12	26	233	229	50.43%
285	CA	Kevin Hayes	PIT	32	F	28	5	6	11	2	1	12:52	10:39	1:48	0:24	5	0	0	0	0	4	1	1	1	0	9	1	1	1	0	9.1%	0.832	0.999	1.831	1.006	0.804	1.810	0.000	1.183	1.183	0.179	0.214	0.393	47	10.6%	29	6	113	111	50.45%
286	CA	J.T. Compher	DET	29	F	28	5	6	11	14	-11	16:41	14:09	1:18	1:12	3	2	0	1	0	5	1	0	1	0	8	3	0	2	0	27.3%	0.642	0.771	1.413	0.454	0.757	1.211	3.264	1.632	4.896	0.179	0.214	0.393	35	14.3%	17	27	171	207	45.24%
287	CA	Pontus Holmberg	TOR	25	F	29	5	6	11	4	8	11:43	11:28	0:05	0:09	5	0	0	0	0	6	0	0	2	0	11	0	0	2	0	0.0%	0.882	1.059	1.941	0.901	1.081	1.982	0.000	0.000	0.000	0.172	0.207	0.379	33	15.2%	29	20	41	40	50.62%
288	CA	Brad Marchand	FLA	36	F	18	4	7	11	8	0	17:46	13:42	2:38	1:25	3	1	0	0	0	5	2	0	2	1	8	3	0	2	1	27.3%	0.750	1.313	2.064	0.729	1.215	1.945	1.265	2.530	3.795	0.222	0.389	0.611	42	9.5%	22	11	1	1	50.00%
289	CA	Stefan Noesen	NJD	31	F	27	4	7	11	27	-6	15:48	14:05	1:31	0:11	2	2	0	0	0	6	1	0	1	0	8	3	0	1	0	27.3%	0.563	0.984	1.547	0.316	0.947	1.262	2.910	1.455	4.365	0.148	0.259	0.407	51	7.8%	54	9	7	13	35.00%
290	CA	Andrew Mangiapane	WSH	28	F	31	4	7	11	12	-5	12:36	11:39	0:56	0:00	4	0	0	1	0	4	3	0	2	0	8	3	0	3	0	27.3%	0.614	1.074	1.688	0.664	0.664	1.328	0.000	6.140	6.140	0.129	0.226	0.355	34	11.8%	31	11	1	6	14.29%
291	CA	Andrei Svechnikov	CAR	24	F	20	3	8	11	21	-4	15:51	13:22	2:24	0:04	2	1	0	0	0	6	2	0	2	0	8	3	0	2	0	27.3%	0.568	1.513	2.081	0.449	1.346	1.794	1.243	2.485	3.728	0.150	0.400	0.550	34	8.8%	43	9	0	0	0.00%
292	CA	Danton Heinen	PIT	29	F	28	3	8	11	0	3	12:31	11:32	0:48	0:11	2	0	1	0	0	8	0	0	2	0	10	0	1	2	0	0.0%	0.513	1.368	1.881	0.372	1.486	1.858	0.000	0.000	0.000	0.107	0.286	0.393	37	8.1%	31	12	4	9	30.77%
293	CA	Oscar Sundqvist	STL	30	F	29	3	8	11	4	-4	13:43	11:12	1:34	0:55	0	3	0	0	0	5	3	0	0	0	5	6	0	0	0	54.5%	0.452	1.206	1.658	0.000	0.923	0.923	3.922	3.922	7.843	0.103	0.276	0.379	35	8.6%	24	21	116	124	48.33%
294	CA	Alexei Toropchenko	STL	25	F	30	3	8	11	6	1	12:37	11:39	0:02	0:54	3	0	0	1	0	8	0	0	0	0	11	0	0	1	0	0.0%	0.476	1.268	1.744	0.514	1.372	1.886	0.000	0.000	0.000	0.100	0.267	0.367	42	7.1%	107	17	0	1	0.00%
295	CA	Erik Cernak	TBL	27	D	32	3	8	11	23	16	18:19	16:08	0:02	2:09	3	0	0	0	0	8	0	0	2	0	11	0	0	2	0	0.0%	0.307	0.818	1.125	0.349	0.930	1.278	0.000	0.000	0.000	0.094	0.250	0.344	26	11.5%	62	40	0	0	0.00%
296	CA	Mattias Ekholm	EDM	34	D	14	2	9	11	8	-8	20:09	16:44	1:10	2:15	2	0	0	0	0	6	3	0	0	0	8	3	0	0	0	27.3%	0.425	1.913	2.338	0.512	1.536	2.048	0.000	10.998	10.998	0.143	0.643	0.786	26	7.7%	8	23	0	0	0.00%
297	CA	William Karlsson	VGK	31	F	15	2	9	11	4	10	16:35	13:38	1:43	1:13	1	0	1	1	0	5	4	0	2	0	6	4	1	3	0	36.4%	0.482	2.170	2.653	0.293	1.466	1.759	0.000	9.284	9.284	0.133	0.600	0.733	30	6.7%	5	10	128	99	56.39%
298	CA	Kristopher Letang	PIT	37	D	28	2	9	11	26	0	23:28	20:09	1:24	1:54	1	1	0	0	0	6	3	0	3	2	7	4	0	3	2	36.4%	0.183	0.822	1.004	0.106	0.638	0.744	1.525	4.576	6.102	0.071	0.321	0.393	60	3.3%	40	45	0	0	0.00%
299	CA	Nikita Zadorov	BOS	29	D	28	2	9	11	30	16	21:30	19:07	0:10	2:12	2	0	0	0	0	8	0	1	2	0	10	0	1	2	0	0.0%	0.199	0.897	1.096	0.224	0.896	1.120	0.000	0.000	0.000	0.071	0.321	0.393	36	5.6%	83	34	0	0	0.00%
300	CA	Brent Burns	CAR	39	D	30	2	9	11	16	6	20:04	15:41	2:03	2:19	2	0	0	0	0	7	2	0	1	0	9	2	0	1	0	18.2%	0.199	0.897	1.096	0.255	0.892	1.147	0.000	1.946	1.946	0.067	0.300	0.367	54	3.7%	3	25	0	0	0.00%
301	CA	Jake Evans	MTL	28	F	31	2	9	11	2	-3	15:33	12:59	0:00	2:33	2	0	0	0	0	7	0	2	1	0	9	0	2	1	0	0.0%	0.249	1.120	1.369	0.298	1.043	1.341	0.000	0.000	0.000	0.065	0.290	0.355	29	6.9%	54	31	244	202	54.71%
302	CA	Darnell Nurse	EDM	29	D	28	1	10	11	34	-1	23:22	20:09	1:18	1:54	1	0	0	0	0	9	1	0	0	0	10	1	0	0	0	9.1%	0.092	0.917	1.008	0.106	0.957	1.063	0.000	1.637	1.637	0.036	0.357	0.393	71	1.4%	74	57	0	0	0.00%
303	CA	Zachary Benson	BUF	19	F	30	1	10	11	26	1	14:44	12:46	0:58	0:59	0	1	0	0	0	10	0	0	1	0	10	1	0	1	0	9.1%	0.136	1.357	1.493	0.000	1.566	1.566	2.039	0.000	2.039	0.033	0.333	0.367	54	1.9%	15	13	1	3	25.00%
304	CA	Marcus Pettersson	VAN	28	D	31	1	10	11	20	8	21:09	18:35	0:10	2:23	1	0	0	0	0	10	0	0	0	0	11	0	0	0	0	0.0%	0.092	0.915	1.007	0.104	1.041	1.145	0.000	0.000	0.000	0.032	0.323	0.355	27	3.7%	23	61	0	0	0.00%
305	CA	Jordan Spence	LAK	23	D	31	1	10	11	2	11	14:58	14:06	0:34	0:18	1	0	0	0	0	8	2	0	3	0	9	2	0	3	0	18.2%	0.129	1.292	1.422	0.137	1.098	1.235	0.000	6.799	6.799	0.032	0.323	0.355	34	2.9%	32	23	0	0	0.00%
306	CA	Jack Hughes	NJD	23	F	9	7	3	10	10	2	20:57	16:43	2:29	1:45	5	1	1	0	0	3	0	0	0	0	8	1	1	0	0	10.0%	2.226	0.954	3.180	1.993	1.196	3.189	2.683	0.000	2.683	0.778	0.333	1.111	33	21.2%	2	5	44	68	39.29%
307	CA	Nick Robertson	TOR	23	F	26	7	3	10	10	1	11:33	10:34	0:59	0:00	6	1	0	3	0	3	0	0	0	0	9	1	0	3	0	10.0%	1.397	0.599	1.996	1.309	0.655	1.964	2.342	0.000	2.342	0.269	0.115	0.385	46	15.2%	36	14	1	3	25.00%
308	CA	Connor Brown	EDM	30	F	31	7	3	10	4	6	14:39	12:24	0:22	1:53	7	0	0	3	1	3	0	0	0	0	10	0	0	3	1	0.0%	0.924	0.396	1.320	1.092	0.468	1.560	0.000	0.000	0.000	0.226	0.097	0.323	50	14.0%	7	11	3	14	17.65%
309	CA	Matthew Tkachuk	FLA	27	F	5	6	4	10	0	3	18:07	15:17	2:49	0:00	4	2	0	1	0	3	1	0	1	0	7	3	0	2	0	30.0%	3.974	2.649	6.623	3.139	2.354	5.494	8.481	4.240	12.721	1.200	0.800	2.000	28	21.4%	8	1	0	0	0.00%
310	CA	Erik Haula	NJD	33	F	27	6	4	10	10	0	15:05	13:18	0:11	1:35	5	1	0	1	0	3	1	0	0	0	8	2	0	1	0	20.0%	0.883	0.589	1.472	0.835	0.501	1.335	11.392	11.392	22.785	0.222	0.148	0.370	38	15.8%	34	13	122	135	47.47%
311	CA	Dakota Joshua	VAN	28	F	31	5	5	10	16	-6	13:24	12:13	0:30	0:40	3	1	1	0	0	4	1	0	1	0	7	2	1	1	0	20.0%	0.722	0.722	1.443	0.475	0.633	1.108	3.859	3.859	7.717	0.161	0.161	0.323	41	12.2%	103	17	12	15	44.44%
312	CA	Victor Olofsson	VGK	29	F	25	4	6	10	8	9	13:23	12:32	0:50	0:00	4	0	0	1	0	4	2	0	3	0	8	2	0	4	0	20.0%	0.717	1.075	1.792	0.765	0.765	1.530	0.000	5.732	5.732	0.160	0.240	0.400	47	8.5%	14	6	0	0	0.00%
313	CA	Jonatan Berggren	DET	24	F	26	4	6	10	2	-10	12:40	12:07	0:33	0:00	3	1	0	0	0	5	1	0	1	0	8	2	0	1	0	20.0%	0.728	1.092	1.820	0.571	0.951	1.522	4.162	4.162	8.324	0.154	0.231	0.385	26	15.4%	29	6	0	6	0.00%
314	CA	Sam Malinski	COL	26	D	26	4	6	10	10	10	16:47	15:48	0:24	0:34	4	0	0	0	0	5	1	0	1	0	9	1	0	1	0	10.0%	0.550	0.825	1.375	0.584	0.730	1.315	0.000	5.678	5.678	0.154	0.231	0.385	47	8.5%	18	39	0	0	0.00%
315	CA	Nino Niederreiter	WPG	32	F	29	4	6	10	6	-2	15:02	13:47	1:14	0:00	1	3	0	2	0	4	2	0	0	0	5	5	0	2	0	50.0%	0.550	0.825	1.376	0.150	0.600	0.750	4.998	3.332	8.329	0.138	0.207	0.345	45	8.9%	51	11	4	5	44.44%
316	CA	Anthony Beauvillier	WSH	27	F	29	4	6	10	4	1	13:40	13:07	0:12	0:20	3	0	1	0	0	6	0	0	1	0	9	0	1	1	0	0.0%	0.605	0.908	1.513	0.473	0.946	1.419	0.000	0.000	0.000	0.138	0.207	0.345	58	6.9%	57	16	9	9	50.00%
317	CA	Evan Rodrigues	FLA	31	F	30	4	6	10	14	-4	15:01	13:35	1:23	0:03	3	1	0	0	0	5	1	0	0	0	8	2	0	0	0	20.0%	0.532	0.798	1.331	0.442	0.736	1.178	1.435	1.435	2.871	0.133	0.200	0.333	67	6.0%	50	6	76	86	46.91%
318	CA	Dylan Samberg	WPG	25	D	28	3	7	10	6	15	21:27	18:48	0:08	2:30	3	0	0	1	1	6	1	0	1	1	9	1	0	2	2	10.0%	0.300	0.699	0.999	0.342	0.683	1.025	0.000	15.789	15.789	0.107	0.250	0.357	50	6.0%	26	64	0	0	0.00%
319	CA	Brian Dumoulin	NJD	33	D	29	3	7	10	6	4	19:04	17:01	0:01	2:01	3	0	0	1	1	7	0	0	3	1	10	0	0	4	2	0.0%	0.325	0.759	1.085	0.365	0.851	1.216	0.000	0.000	0.000	0.103	0.241	0.345	20	15.0%	22	26	0	0	0.00%
320	CA	Denton Mateychuk	CBJ	20	D	30	3	7	10	18	5	18:06	16:27	0:40	0:58	3	0	0	0	0	7	0	0	0	0	10	0	0	0	0	0.0%	0.331	0.773	1.104	0.365	0.851	1.216	0.000	0.000	0.000	0.100	0.233	0.333	30	10.0%	19	37	0	0	0.00%
321	CA	Blake Coleman	CGY	33	F	32	3	7	10	16	0	17:44	14:02	1:41	2:00	1	1	1	1	0	7	0	0	0	0	8	1	1	1	0	10.0%	0.317	0.740	1.057	0.134	0.935	1.068	1.105	0.000	1.105	0.094	0.219	0.313	72	4.2%	77	26	3	16	15.79%
322	CA	Urho Vaakanainen	NYR	25	D	26	2	8	10	8	6	17:47	16:52	0:00	0:54	2	0	0	0	0	8	0	0	1	0	10	0	0	1	0	0.0%	0.259	1.037	1.297	0.273	1.094	1.367	0.000	0.000	0.000	0.077	0.308	0.385	28	7.1%	8	22	0	0	0.00%
323	CA	Ryan Lindgren	COL	26	D	27	2	8	10	12	2	19:29	17:36	0:00	1:53	2	0	0	0	0	8	0	0	0	0	10	0	0	0	0	0.0%	0.228	0.912	1.140	0.252	1.010	1.262	0.000	0.000	0.000	0.074	0.296	0.370	31	6.5%	28	42	0	0	0.00%
324	CA	Mason Lohrei	BOS	23	D	29	2	8	10	4	-29	21:10	18:28	2:23	0:18	1	1	0	0	0	3	5	0	0	0	4	6	0	0	0	60.0%	0.195	0.782	0.977	0.112	0.336	0.448	0.862	4.312	5.175	0.069	0.276	0.345	50	4.0%	15	36	0	0	0.00%
325	CA	Michael Kesselring	UTA	24	D	31	2	8	10	31	-4	15:23	15:09	0:13	0:00	2	0	0	0	0	8	0	0	1	0	10	0	0	1	0	0.0%	0.252	1.006	1.258	0.255	1.022	1.277	0.000	0.000	0.000	0.065	0.258	0.323	53	3.8%	30	22	0	0	0.00%
326	CA	Jake McCabe	TOR	31	D	24	1	9	10	6	11	22:15	19:28	0:05	2:41	1	0	0	0	0	8	0	1	1	0	9	0	1	1	0	0.0%	0.112	1.011	1.123	0.128	1.027	1.156	0.000	0.000	0.000	0.042	0.375	0.417	24	4.2%	36	51	0	0	0.00%
327	CA	Michael Anderson	LAK	25	D	28	1	9	10	10	12	22:26	19:07	0:02	3:16	1	0	0	0	0	9	0	0	2	0	10	0	0	2	0	0.0%	0.095	0.859	0.955	0.112	1.008	1.120	0.000	0.000	0.000	0.036	0.321	0.357	26	3.9%	51	41	0	0	0.00%
328	CA	Nick Blankenburg	NSH	26	D	32	1	9	10	14	-14	20:42	16:16	1:47	2:39	0	1	0	0	0	4	5	0	1	0	4	6	0	1	0	60.0%	0.091	0.815	0.905	0.000	0.461	0.461	1.047	5.234	6.281	0.031	0.281	0.313	41	2.4%	23	44	0	0	0.00%
329	CA	Aaron Ekblad	FLA	28	D	12	0	10	10	14	8	23:50	18:04	3:27	2:17	0	0	0	0	0	7	3	0	4	0	7	3	0	4	0	30.0%	0.000	2.098	2.098	0.000	1.936	1.936	0.000	4.329	4.329	0.000	0.833	0.833	25	0.0%	26	8	0	0	0.00%
330	CA	Mark Jankowski	CAR	30	F	23	9	0	9	18	4	12:17	10:39	0:05	1:32	9	0	0	1	0	0	0	0	0	0	9	0	0	1	0	0.0%	1.910	0.000	1.910	2.203	0.000	2.203	0.000	0.000	0.000	0.391	0.000	0.391	28	32.1%	4	17	114	109	51.12%
331	CA	Josh Anderson	MTL	30	F	30	7	2	9	36	7	14:39	13:11	0:01	1:26	7	0	0	1	0	2	0	0	0	0	9	0	0	1	0	0.0%	0.956	0.273	1.229	1.062	0.303	1.365	0.000	0.000	0.000	0.233	0.067	0.300	43	16.3%	63	16	9	7	56.25%
332	CA	Casey Mittelstadt	BOS	26	F	28	6	3	9	6	-16	16:06	14:26	1:39	0:00	4	2	0	1	0	2	1	0	1	0	6	3	0	2	0	33.3%	0.798	0.399	1.197	0.594	0.297	0.890	2.576	1.288	3.864	0.214	0.107	0.321	35	17.1%	9	11	153	144	51.52%
333	CA	Adam Klapka	CGY	24	F	23	5	4	9	19	-5	9:53	9:34	0:19	0:00	5	0	0	0	0	4	0	0	0	0	9	0	0	0	0	0.0%	1.319	1.055	2.373	1.363	1.091	2.454	0.000	0.000	0.000	0.217	0.174	0.391	33	15.2%	79	17	3	9	25.00%
334	CA	Collin Graf	SJS	22	F	23	5	4	9	8	0	16:32	12:45	1:17	2:30	3	1	1	1	0	2	2	0	0	0	5	3	1	1	0	33.3%	0.788	0.631	1.419	0.613	0.409	1.022	2.033	4.065	6.098	0.217	0.174	0.391	36	13.9%	10	8	2	8	20.00%
335	CA	Marcus Foligno	MIN	33	F	25	5	4	9	24	-3	15:15	13:17	0:00	1:58	5	0	0	0	0	4	0	0	0	0	9	0	0	0	0	0.0%	0.786	0.629	1.415	0.902	0.722	1.624	0.000	0.000	0.000	0.200	0.160	0.360	36	13.9%	88	22	4	7	36.36%
336	CA	Vince Hinostroza	MIN	30	F	26	5	4	9	4	1	13:43	12:04	1:38	0:00	2	3	0	1	0	4	0	0	2	0	6	3	0	3	0	33.3%	0.841	0.673	1.514	0.382	0.764	1.147	4.206	0.000	4.206	0.192	0.154	0.346	38	13.2%	30	7	6	9	40.00%
337	CA	Jamie Drysdale	PHI	22	D	29	5	4	9	12	-9	20:39	18:47	1:41	0:10	5	0	0	1	0	4	0	0	0	0	9	0	0	1	0	0.0%	0.501	0.401	0.902	0.550	0.440	0.991	0.000	0.000	0.000	0.172	0.138	0.310	25	20.0%	10	46	0	0	0.00%
338	CA	Fabian Zetterlund	OTT	25	F	30	5	4	9	4	-2	14:43	12:55	1:47	0:00	3	2	0	0	0	4	0	0	0	0	7	2	0	0	0	22.2%	0.679	0.544	1.223	0.464	0.619	1.083	2.238	0.000	2.238	0.167	0.133	0.300	66	7.6%	59	27	5	3	62.50%
339	CA	Michael Eyssimont	SEA	28	F	30	5	4	9	21	5	10:19	10:16	0:02	0:00	5	0	0	1	0	4	0	0	1	0	9	0	0	2	0	0.0%	0.968	0.775	1.743	0.973	0.778	1.751	0.000	0.000	0.000	0.167	0.133	0.300	59	8.5%	42	6	5	6	45.45%
340	CA	Ryan Hartman	MIN	30	F	22	4	5	9	34	1	15:10	13:32	1:29	0:08	2	2	0	1	0	3	2	0	1	0	5	4	0	2	0	44.4%	0.719	0.899	1.618	0.403	0.604	1.007	3.664	3.664	7.328	0.182	0.227	0.409	53	7.6%	21	12	139	151	47.93%
341	CA	Sean Durzi	UTA	26	D	26	4	5	9	12	2	20:31	18:11	1:21	0:58	3	1	0	0	0	4	1	0	2	0	7	2	0	2	0	22.2%	0.450	0.562	1.012	0.381	0.507	0.888	1.691	1.691	3.382	0.154	0.192	0.346	36	11.1%	13	39	0	0	0.00%
342	CA	Nic Dowd	WSH	34	F	31	4	5	9	14	-5	14:34	11:59	0:00	2:35	3	0	1	2	0	5	0	0	0	0	8	0	1	2	0	0.0%	0.531	0.664	1.195	0.484	0.807	1.292	0.000	0.000	0.000	0.129	0.161	0.290	27	14.8%	41	28	221	213	50.92%
343	CA	Drew O'Connor	VAN	26	F	31	4	5	9	18	-2	14:11	12:58	0:02	1:10	4	0	0	1	1	4	0	1	0	0	8	0	1	1	1	0.0%	0.545	0.682	1.227	0.596	0.596	1.193	0.000	0.000	0.000	0.129	0.161	0.290	35	11.4%	32	17	10	13	43.48%
344	CA	Michael Carcone	UTA	28	F	20	3	6	9	13	-2	11:49	10:48	1:00	0:00	3	0	0	0	0	5	1	0	1	0	8	1	0	1	0	11.1%	0.761	1.523	2.284	0.832	1.387	2.220	0.000	2.975	2.975	0.150	0.300	0.450	21	14.3%	19	5	5	3	62.50%
345	CA	Elmer Söderblom	DET	23	F	21	3	6	9	6	1	13:48	13:27	0:21	0:00	3	0	0	0	0	6	0	0	2	0	9	0	0	2	0	0.0%	0.621	1.241	1.862	0.637	1.274	1.911	0.000	0.000	0.000	0.143	0.286	0.429	30	10.0%	33	12	4	9	30.77%
346	CA	Jordan Staal	CAR	36	F	23	3	6	9	2	3	15:29	13:03	0:02	2:23	3	0	0	1	0	6	0	0	0	0	9	0	0	1	0	0.0%	0.505	1.010	1.516	0.599	1.198	1.797	0.000	0.000	0.000	0.130	0.261	0.391	35	8.6%	42	12	209	170	55.15%
347	CA	Cody Glass	NJD	25	F	25	3	6	9	6	4	14:32	13:10	0:28	0:53	3	0	0	0	0	6	0	0	1	0	9	0	0	1	0	0.0%	0.495	0.990	1.485	0.546	1.092	1.639	0.000	0.000	0.000	0.120	0.240	0.360	37	8.1%	19	15	113	117	49.13%
348	CA	Taylor Raddysh	WSH	26	F	29	3	6	9	6	-7	12:01	11:24	0:36	0:00	3	0	0	0	0	5	1	0	1	0	8	1	0	1	0	11.1%	0.516	1.033	1.549	0.544	0.907	1.451	0.000	3.406	3.406	0.103	0.207	0.310	36	8.3%	20	7	3	7	30.00%
349	CA	Mike Matheson	MTL	30	D	31	3	6	9	12	4	25:42	20:32	1:28	3:42	3	0	0	1	1	3	2	1	1	0	6	2	1	2	1	22.2%	0.226	0.452	0.677	0.283	0.283	0.565	0.000	2.624	2.624	0.097	0.194	0.290	57	5.3%	23	70	0	0	0.00%
350	CA	Teodors Blueger	VAN	30	F	31	3	6	9	16	1	13:54	11:58	0:02	1:53	3	0	0	0	0	6	0	0	0	0	9	0	0	0	0	0.0%	0.417	0.835	1.252	0.485	0.970	1.455	0.000	0.000	0.000	0.097	0.194	0.290	40	7.5%	32	17	192	193	49.87%
351	CA	Casey Cizikas	NYI	33	F	32	3	6	9	39	-3	13:27	12:37	0:06	0:43	2	0	1	0	0	5	1	0	1	0	7	1	1	1	0	11.1%	0.418	0.836	1.254	0.297	0.743	1.040	0.000	16.744	16.744	0.094	0.188	0.281	50	6.0%	76	22	152	124	55.07%
352	CA	Mathieu Joseph	STL	27	F	26	2	7	9	18	0	11:40	10:45	0:02	0:52	1	0	1	0	0	7	0	0	0	0	8	0	1	0	0	0.0%	0.395	1.383	1.778	0.214	1.501	1.715	0.000	0.000	0.000	0.077	0.269	0.346	29	6.9%	56	19	4	8	33.33%
353	CA	Joel Edmundson	LAK	31	D	28	2	7	9	6	11	20:30	18:29	0:07	1:54	2	0	0	0	0	7	0	0	0	0	9	0	0	0	0	0.0%	0.209	0.731	0.940	0.232	0.811	1.043	0.000	0.000	0.000	0.071	0.250	0.321	37	5.4%	30	38	0	0	0.00%
354	CA	Sam Steel	DAL	26	F	29	2	7	9	11	-4	13:04	10:56	0:03	2:05	1	0	1	0	0	5	0	2	1	0	6	0	3	1	0	0.0%	0.316	1.108	1.424	0.189	0.946	1.135	0.000	0.000	0.000	0.069	0.241	0.310	28	7.1%	15	11	88	63	58.28%
355	CA	Brayden McNabb	VGK	33	D	30	2	7	9	10	13	19:27	17:37	0:02	1:48	2	0	0	0	0	7	0	0	1	0	9	0	0	1	0	0.0%	0.206	0.720	0.925	0.227	0.795	1.022	0.000	0.000	0.000	0.067	0.233	0.300	33	6.1%	40	52	0	0	0.00%
356	CA	Keegan Kolesar	VGK	27	F	30	2	7	9	21	-1	12:51	12:36	0:00	0:14	2	0	0	1	0	7	0	0	0	0	9	0	0	1	0	0.0%	0.311	1.089	1.400	0.317	1.110	1.427	0.000	0.000	0.000	0.067	0.233	0.300	32	6.3%	83	14	2	7	22.22%
357	CA	Brandt Clarke	LAK	21	D	31	2	7	9	14	5	15:09	14:00	1:04	0:04	2	0	0	0	0	5	2	0	1	1	7	2	0	1	1	22.2%	0.255	0.894	1.150	0.276	0.690	0.967	0.000	3.618	3.618	0.065	0.226	0.290	42	4.8%	9	39	0	0	0.00%
358	CA	William Borgen	NYR	28	D	32	2	7	9	27	11	18:08	16:36	0:05	1:26	1	0	1	0	0	7	0	0	1	0	8	0	1	1	0	0.0%	0.207	0.724	0.931	0.113	0.790	0.903	0.000	0.000	0.000	0.063	0.219	0.281	37	5.4%	43	48	0	0	0.00%
359	CA	John Marino	UTA	27	D	26	1	8	9	2	2	20:56	18:59	0:05	1:50	1	0	0	0	0	8	0	0	1	0	9	0	0	1	0	0.0%	0.110	0.882	0.992	0.121	0.972	1.093	0.000	0.000	0.000	0.038	0.308	0.346	19	5.3%	6	36	0	0	0.00%
360	CA	Esa Lindell	DAL	30	D	29	1	8	9	4	15	22:48	18:44	0:19	3:44	1	0	0	0	0	8	0	0	2	0	9	0	0	2	0	0.0%	0.091	0.726	0.816	0.110	0.883	0.994	0.000	0.000	0.000	0.034	0.276	0.310	34	2.9%	16	57	0	0	0.00%
361	CA	Brett Kulak	EDM	30	D	31	1	8	9	10	-9	21:20	19:04	0:14	2:02	1	0	0	0	0	8	0	0	1	0	9	0	0	1	0	0.0%	0.091	0.725	0.816	0.101	0.812	0.913	0.000	0.000	0.000	0.032	0.258	0.290	53	1.9%	10	41	0	0	0.00%
362	CA	Martin Pospisil	CGY	25	F	31	1	8	9	14	2	13:00	12:38	0:18	0:04	1	0	0	0	0	8	0	0	1	0	9	0	0	1	0	0.0%	0.149	1.190	1.338	0.153	1.225	1.379	0.000	0.000	0.000	0.032	0.258	0.290	46	2.2%	131	9	8	13	38.10%
363	CA	Adam Pelech	NYI	30	D	30	0	9	9	20	-5	20:54	18:44	0:09	2:00	0	0	0	0	0	8	1	0	1	0	8	1	0	1	0	11.1%	0.000	0.861	0.861	0.000	0.854	0.854	0.000	12.081	12.081	0.000	0.300	0.300	47	0.0%	24	45	0	0	0.00%
364	CA	Cody Ceci	DAL	31	D	31	0	9	9	10	15	20:14	18:26	0:05	1:43	0	0	0	0	0	8	0	1	1	0	8	0	1	1	0	0.0%	0.000	0.861	0.861	0.000	0.840	0.840	0.000	0.000	0.000	0.000	0.290	0.290	30	0.0%	24	55	0	0	0.00%
365	CA	Marc Gatcomb	NYI	25	F	32	7	1	8	11	-4	10:01	9:57	0:03	0:00	7	0	0	1	0	1	0	0	0	0	8	0	0	1	0	0.0%	1.310	0.187	1.497	1.318	0.188	1.506	0.000	0.000	0.000	0.219	0.031	0.250	32	21.9%	113	21	4	7	36.36%
366	CA	Colton Parayko	STL	31	D	13	5	3	8	0	11	21:37	19:37	0:16	1:43	5	0	0	1	0	3	0	0	0	0	8	0	0	1	0	0.0%	1.067	0.640	1.707	1.176	0.705	1.881	0.000	0.000	0.000	0.385	0.231	0.615	25	20.0%	12	27	0	0	0.00%
367	CA	Adam Lowry	WPG	31	F	25	5	3	8	14	1	15:28	13:38	0:05	1:44	5	0	0	0	0	3	0	0	3	1	8	0	0	3	1	0.0%	0.775	0.465	1.240	0.879	0.528	1.407	0.000	0.000	0.000	0.200	0.120	0.320	33	15.2%	52	19	202	189	51.66%
368	CA	Pierre Engvall	NYI	28	F	29	5	3	8	4	-2	12:12	12:04	0:04	0:02	5	0	0	1	0	3	0	0	0	0	8	0	0	1	0	0.0%	0.847	0.508	1.356	0.856	0.514	1.370	0.000	0.000	0.000	0.172	0.103	0.276	62	8.1%	32	5	5	13	27.78%
369	CA	Jiri Kulich	BUF	20	F	25	4	4	8	6	-9	15:29	14:09	1:17	0:03	4	0	0	0	0	4	0	0	0	0	8	0	0	0	0	0.0%	0.620	0.620	1.240	0.678	0.678	1.357	0.000	0.000	0.000	0.160	0.160	0.320	50	8.0%	14	21	124	150	45.26%
370	CA	Ondrej Palat	NJD	33	F	26	4	4	8	6	-9	13:22	11:56	1:06	0:20	2	1	1	1	0	3	1	0	0	0	5	2	1	1	0	25.0%	0.690	0.690	1.380	0.387	0.580	0.966	2.088	2.088	4.176	0.154	0.154	0.308	27	14.8%	41	15	0	1	0.00%
371	CA	Brock Faber	MIN	22	D	30	4	4	8	6	-15	26:25	22:01	2:04	2:19	3	1	0	0	0	1	2	1	1	1	4	3	1	1	1	37.5%	0.303	0.303	0.605	0.272	0.091	0.363	0.965	1.931	2.896	0.133	0.133	0.267	61	6.6%	20	53	0	0	0.00%
372	CA	Cole Sillinger	CBJ	21	F	19	3	5	8	2	2	15:09	13:29	1:00	0:39	3	0	0	0	0	5	0	0	0	0	8	0	0	0	0	0.0%	0.625	1.042	1.667	0.702	1.171	1.873	0.000	0.000	0.000	0.158	0.263	0.421	22	13.6%	16	9	59	78	43.07%
373	CA	Tyler Myers	VAN	34	D	23	3	5	8	16	3	21:03	18:21	0:51	1:50	2	0	1	0	0	4	1	0	0	0	6	1	1	0	0	12.5%	0.372	0.619	0.991	0.284	0.569	0.853	0.000	3.018	3.018	0.130	0.217	0.348	35	8.6%	31	38	0	0	0.00%
374	CA	Patrick Maroon	CHI	36	F	23	3	5	8	26	-4	11:29	10:36	0:52	0:00	2	1	0	0	0	5	0	0	0	0	7	1	0	0	0	12.5%	0.681	1.135	1.816	0.492	1.229	1.721	2.965	0.000	2.965	0.130	0.217	0.348	28	10.7%	25	2	12	23	34.29%
375	CA	Olen Zellweger	ANA	21	D	24	3	5	8	8	0	18:44	16:47	1:45	0:10	3	0	0	0	0	5	0	0	1	0	8	0	0	1	0	0.0%	0.400	0.667	1.067	0.447	0.744	1.191	0.000	0.000	0.000	0.125	0.208	0.333	50	6.0%	13	28	0	0	0.00%
376	CA	Jakob Pelletier	PHI	23	F	25	3	5	8	4	-3	10:31	10:14	0:12	0:04	3	0	0	0	0	5	0	0	1	0	8	0	0	1	0	0.0%	0.685	1.141	1.826	0.704	1.173	1.876	0.000	0.000	0.000	0.120	0.200	0.320	24	12.5%	24	5	8	10	44.44%
377	CA	Blake Lizotte	PIT	27	F	25	3	5	8	6	-8	13:56	12:19	0:02	1:34	3	0	0	1	0	5	0	0	0	0	8	0	0	1	0	0.0%	0.517	0.861	1.378	0.585	0.974	1.559	0.000	0.000	0.000	0.120	0.200	0.320	17	17.7%	24	11	81	57	58.70%
378	CA	Tanner Pearson	VGK	32	F	26	3	5	8	4	-1	11:17	11:15	0:01	0:00	3	0	0	1	0	5	0	0	0	0	8	0	0	1	0	0.0%	0.613	1.022	1.635	0.615	1.025	1.640	0.000	0.000	0.000	0.115	0.192	0.308	43	7.0%	22	14	1	6	14.29%
379	CA	Parker Kelly	COL	25	F	27	3	5	8	13	8	11:58	10:11	0:03	1:43	3	0	0	2	0	4	0	1	0	0	7	0	1	2	0	0.0%	0.557	0.928	1.484	0.654	0.872	1.526	0.000	0.000	0.000	0.111	0.185	0.296	38	7.9%	62	31	54	61	46.96%
380	CA	Joseph Veleno	CHI	24	F	28	3	5	8	4	-14	12:41	12:02	0:02	0:37	3	0	0	0	0	5	0	0	0	0	8	0	0	0	0	0.0%	0.507	0.844	1.351	0.534	0.890	1.424	0.000	0.000	0.000	0.107	0.179	0.286	36	8.3%	71	20	107	125	46.12%
381	CA	Steven Lorentz	TOR	28	F	29	3	5	8	7	0	10:40	9:41	0:01	0:57	2	0	1	3	0	5	0	0	1	0	7	0	1	4	0	0.0%	0.581	0.969	1.550	0.427	1.067	1.494	0.000	0.000	0.000	0.103	0.172	0.276	32	9.4%	67	22	1	5	16.67%
382	CA	Braden Schneider	NYR	23	D	30	3	5	8	8	3	18:37	16:24	0:01	2:11	2	0	1	1	1	5	0	0	1	0	7	0	1	2	1	0.0%	0.322	0.537	0.859	0.244	0.610	0.854	0.000	0.000	0.000	0.100	0.167	0.267	29	10.3%	65	57	0	0	0.00%
383	CA	Eric Robinson	CAR	29	F	30	3	5	8	2	2	12:22	11:41	0:02	0:39	3	0	0	0	0	5	0	0	0	0	8	0	0	0	0	0.0%	0.485	0.808	1.292	0.514	0.856	1.369	0.000	0.000	0.000	0.100	0.167	0.267	42	7.1%	50	7	1	4	20.00%
384	CA	Brandon Duhaime	WSH	27	F	31	3	5	8	53	-3	12:46	10:37	0:00	2:08	3	0	0	0	0	4	0	1	1	0	7	0	1	1	0	0.0%	0.455	0.758	1.213	0.547	0.729	1.276	0.000	0.000	0.000	0.097	0.161	0.258	21	14.3%	64	25	4	7	36.36%
385	CA	Adam Boqvist	NYI	24	D	17	2	6	8	4	-5	15:22	13:14	2:02	0:06	1	1	0	0	0	4	2	0	0	0	5	3	0	0	0	37.5%	0.459	1.377	1.837	0.267	1.067	1.333	1.733	3.467	5.200	0.118	0.353	0.471	19	10.5%	7	9	0	0	0.00%
386	CA	Colton Sissons	NSH	31	F	23	2	6	8	6	0	14:12	11:48	0:20	2:03	2	0	0	0	0	6	0	0	0	0	8	0	0	0	0	0.0%	0.367	1.102	1.469	0.442	1.326	1.768	0.000	0.000	0.000	0.087	0.261	0.348	26	7.7%	34	18	100	91	52.36%
387	CA	Conor Timmins	PIT	26	D	26	2	6	8	12	9	17:33	15:37	0:04	1:50	2	0	0	0	0	6	0	0	0	0	8	0	0	0	0	0.0%	0.263	0.789	1.051	0.295	0.886	1.181	0.000	0.000	0.000	0.077	0.231	0.308	23	8.7%	25	29	0	0	0.00%
388	CA	Jesperi Kotkaniemi	CAR	24	F	26	2	6	8	13	1	14:24	12:53	1:26	0:04	2	0	0	0	0	6	0	0	0	0	8	0	0	0	0	0.0%	0.320	0.961	1.282	0.358	1.075	1.433	0.000	0.000	0.000	0.077	0.231	0.308	35	5.7%	18	7	134	106	55.83%
389	CA	Timothy Liljegren	SJS	25	D	27	2	6	8	12	-13	20:43	18:20	1:17	1:05	1	1	0	0	0	5	1	0	0	0	6	2	0	0	0	25.0%	0.214	0.643	0.858	0.121	0.606	0.727	1.726	1.726	3.452	0.074	0.222	0.296	43	4.7%	20	55	0	0	0.00%
390	CA	Brett Pesce	NJD	30	D	28	2	6	8	18	-2	22:01	19:44	0:08	2:08	2	0	0	0	0	6	0	0	0	0	8	0	0	0	0	0.0%	0.195	0.584	0.778	0.217	0.651	0.869	0.000	0.000	0.000	0.071	0.214	0.286	38	5.3%	6	49	0	0	0.00%
391	CA	Jaccob Slavin	CAR	30	D	28	2	6	8	2	6	21:20	18:13	0:06	2:59	2	0	0	0	0	5	0	1	1	1	7	0	1	1	1	0.0%	0.201	0.603	0.803	0.235	0.588	0.823	0.000	0.000	0.000	0.071	0.214	0.286	47	4.3%	6	47	0	0	0.00%
392	CA	Gustav Nyquist	MIN	35	F	30	2	6	8	8	-8	15:32	12:33	1:37	1:21	1	1	0	0	0	4	1	1	0	0	5	2	1	0	0	25.0%	0.257	0.772	1.029	0.159	0.637	0.797	1.229	1.229	2.457	0.067	0.200	0.267	38	5.3%	19	10	1	7	12.50%
393	CA	Fyodor Svechkov	NSH	21	F	31	2	6	8	12	-14	13:24	11:21	1:01	1:01	2	0	0	1	1	4	2	0	2	1	6	2	0	3	2	25.0%	0.289	0.866	1.155	0.341	0.682	1.023	0.000	3.774	3.774	0.065	0.194	0.258	31	6.5%	14	14	69	126	35.38%
394	CA	Ryan Lomberg	CGY	30	F	32	2	6	8	6	-2	8:25	8:22	0:02	0:00	2	0	0	0	0	6	0	0	1	0	8	0	0	1	0	0.0%	0.445	1.336	1.782	0.448	1.343	1.790	0.000	0.000	0.000	0.063	0.188	0.250	28	7.1%	41	5	4	5	44.44%
395	CA	Shakir Mukhamadullin	SJS	22	D	20	1	7	8	6	-7	19:24	17:03	0:40	1:40	1	0	0	0	0	5	2	0	2	0	6	2	0	2	0	25.0%	0.155	1.082	1.237	0.176	0.880	1.055	0.000	8.922	8.922	0.050	0.350	0.400	20	5.0%	18	37	0	0	0.00%
396	CA	Alex Pietrangelo	VGK	34	D	22	1	7	8	8	1	21:36	18:43	0:58	1:54	1	0	0	0	0	5	2	0	3	0	6	2	0	3	0	25.0%	0.126	0.884	1.010	0.146	0.728	0.874	0.000	5.621	5.621	0.045	0.318	0.364	30	3.3%	8	47	0	0	0.00%
397	CA	Pavel Mintyukov	ANA	21	D	25	1	7	8	10	2	15:16	14:25	0:14	0:36	1	0	0	0	0	6	1	0	2	0	7	1	0	2	0	12.5%	0.157	1.099	1.257	0.166	0.998	1.165	0.000	9.972	9.972	0.040	0.280	0.320	19	5.3%	33	26	0	0	0.00%
398	CA	Oliver Ekman-Larsson	TOR	33	D	27	1	7	8	16	-1	20:38	18:35	1:01	1:01	0	1	0	0	0	7	0	0	1	0	7	1	0	1	0	12.5%	0.108	0.753	0.861	0.000	0.836	0.836	2.179	0.000	2.179	0.037	0.259	0.296	32	3.1%	47	41	0	0	0.00%
399	CA	Connor Clifton	BUF	29	D	27	1	7	8	14	-8	17:24	14:52	0:00	2:30	1	0	0	0	0	4	0	3	1	0	5	0	3	1	0	0.0%	0.128	0.894	1.021	0.149	0.597	0.747	0.000	0.000	0.000	0.037	0.259	0.296	27	3.7%	74	47	0	0	0.00%
400	CA	Nate Schmidt	FLA	33	D	30	1	7	8	15	3	16:56	14:52	1:15	0:49	1	0	0	0	0	6	1	0	2	0	7	1	0	2	0	12.5%	0.118	0.826	0.945	0.134	0.807	0.941	0.000	1.600	1.600	0.033	0.233	0.267	28	3.6%	30	35	0	0	0.00%
