Rk		Name	Team	Age	Pos	GP	G	A	P	PIM	+/-	TOI	ES	PP	SH	ESG	PPG	SHG	GWG	OTG	ESA	PPA	SHA	GWA	OTA	ESP	PPP	SHP	GWP	OTP	PPP%	G/60	A/60	P/60	ESG/60	ESA/60	ESP/60	PPG/60	PPA/60	PPP/60	G/GP	A/GP	P/GP	SHOTS	SH%	HITS	BS	FOW	FOL	FO%
1	CA	Connor McDavid	EDM	26	F	25	8	34	42	10	12	23:01	18:53	4:03	0:04	6	2	0	1	1	19	15	0	6	1	25	17	0	7	2	40.5%	0.834	3.543	4.377	0.762	2.413	3.175	1.184	8.883	10.067	0.320	1.360	1.680	75	10.7%	43	16	145	194	42.77%
2	CA	Evan Bouchard	EDM	24	D	25	6	26	32	22	14	25:01	20:41	4:06	0:12	5	1	0	3	1	13	13	0	7	1	18	14	0	10	2	43.8%	0.576	2.494	3.070	0.580	1.507	2.087	0.583	7.584	8.167	0.240	1.040	1.280	74	8.1%	28	45	0	0	0.00%
3	DE	Leon Draisaitl	EDM	28	F	25	10	21	31	14	0	21:23	17:14	4:03	0:05	4	6	0	2	0	12	9	0	5	1	16	15	0	7	1	48.4%	1.122	2.356	3.478	0.557	1.671	2.228	3.546	5.318	8.864	0.400	0.840	1.240	73	13.7%	23	16	240	243	49.69%
4	CA	Zach Hyman	EDM	31	F	25	16	6	22	12	12	21:24	17:21	4:01	0:01	10	6	0	3	0	6	0	0	0	0	16	6	0	3	0	27.3%	1.793	0.673	2.466	1.382	0.829	2.212	3.572	0.000	3.572	0.640	0.240	0.880	90	17.8%	53	11	1	0	100.00%
5	FI	Aleksander Barkov	FLA	28	F	24	8	14	22	8	-1	21:14	15:32	3:34	2:07	6	1	1	4	0	7	6	1	3	1	13	7	2	7	1	31.8%	0.941	1.647	2.589	0.965	1.126	2.090	0.701	4.203	4.904	0.333	0.583	0.917	61	13.1%	52	25	228	185	55.21%
6	CA	Ryan Nugent-Hopkins	EDM	30	F	25	7	15	22	8	-2	20:19	14:09	3:59	2:09	2	5	0	2	0	10	5	0	3	1	12	10	0	5	1	45.5%	0.827	1.772	2.599	0.339	1.695	2.034	3.007	3.007	6.013	0.280	0.600	0.880	37	18.9%	43	15	42	58	42.00%
7	US	Matthew Tkachuk	FLA	26	F	24	6	16	22	31	0	18:29	14:14	3:59	0:15	6	0	0	2	0	10	6	0	2	0	16	6	0	4	0	27.3%	0.811	2.163	2.974	1.053	1.755	2.809	0.000	3.761	3.761	0.250	0.667	0.917	83	7.2%	72	10	0	2	0.00%
8	CA	Carter Verhaeghe	FLA	28	F	24	11	10	21	20	-5	19:20	15:34	3:44	0:01	7	4	0	3	1	9	1	0	2	0	16	5	0	5	1	23.8%	1.422	1.293	2.715	1.124	1.445	2.569	2.670	0.668	3.338	0.458	0.417	0.875	79	13.9%	27	14	15	29	34.09%
9	US	Vincent Trocheck	NYR	30	F	16	8	12	20	10	3	23:08	16:46	3:35	2:46	3	5	0	1	1	6	4	2	4	2	9	9	2	5	3	45.0%	1.297	1.945	3.241	0.671	1.341	2.012	5.230	4.184	9.413	0.500	0.750	1.250	43	18.6%	64	16	193	141	57.78%
10	FI	Anton Lundell	FLA	22	F	24	3	14	17	12	8	16:12	13:28	1:46	0:57	3	0	0	0	0	11	3	0	3	1	14	3	0	3	1	17.6%	0.463	2.160	2.622	0.557	2.041	2.597	0.000	4.234	4.234	0.125	0.583	0.708	29	10.3%	44	17	160	146	52.29%
11	CA	Wyatt Johnston	DAL	20	F	19	10	6	16	2	4	20:37	17:13	2:08	1:15	7	2	1	2	1	5	1	0	0	0	12	3	1	2	1	18.8%	1.531	0.918	2.449	1.283	0.917	2.200	2.951	1.475	4.426	0.526	0.316	0.842	57	17.5%	26	14	95	111	46.12%
12	CA	Sam Reinhart	FLA	28	F	24	10	6	16	12	-2	21:37	16:01	3:32	2:02	6	4	0	2	1	4	1	1	3	0	10	5	1	5	1	31.3%	1.156	0.694	1.850	0.936	0.624	1.560	2.823	0.706	3.529	0.417	0.250	0.667	78	12.8%	54	34	81	95	46.02%
13	FI	Miro Heiskanen	DAL	24	D	19	6	10	16	8	0	28:11	24:56	2:54	0:20	3	3	0	0	0	6	4	0	2	0	9	7	0	2	0	43.8%	0.672	1.120	1.793	0.380	0.760	1.140	3.263	4.350	7.613	0.316	0.526	0.842	44	13.6%	26	42	0	0	0.00%
14	US	Jason Robertson	DAL	24	F	19	6	10	16	0	-2	19:44	17:03	2:40	0:00	4	2	0	2	0	6	4	0	2	1	10	6	0	4	1	37.5%	0.960	1.600	2.560	0.741	1.111	1.851	2.357	4.714	7.070	0.316	0.526	0.842	46	13.0%	26	20	0	0	0.00%
15	SE	Mika Zibanejad	NYR	30	F	16	3	13	16	2	1	21:17	15:32	3:33	2:11	1	2	0	0	0	5	5	3	3	1	6	7	3	3	1	43.8%	0.528	2.289	2.817	0.241	1.207	1.448	2.104	5.260	7.364	0.188	0.813	1.000	40	7.5%	12	13	140	128	52.24%
16	CA	Evan Rodrigues	FLA	30	F	24	7	8	15	4	6	14:42	12:41	2:00	0:00	5	2	0	1	0	7	1	0	1	0	12	3	0	2	0	20.0%	1.190	1.360	2.550	0.985	1.380	2.365	2.482	1.241	3.723	0.292	0.333	0.625	44	15.9%	54	10	54	44	55.10%
17	CA	Cale Makar	COL	25	D	11	5	10	15	0	-3	26:58	21:50	2:58	2:09	2	3	0	1	0	5	5	0	1	0	7	8	0	2	0	53.3%	1.011	2.022	3.033	0.500	1.249	1.748	5.502	9.170	14.671	0.455	0.909	1.364	36	13.9%	6	23	0	0	0.00%
18	RU	Artemi Panarin	NYR	32	F	16	5	10	15	4	-2	20:41	16:58	3:41	0:00	4	1	0	4	1	5	5	0	1	1	9	6	0	5	2	40.0%	0.907	1.813	2.720	0.883	1.104	1.987	1.015	5.075	6.090	0.313	0.625	0.938	44	11.4%	11	6	0	0	0.00%
19	CA	Jamie Benn	DAL	34	F	19	4	11	15	6	5	17:08	14:12	2:19	0:35	3	1	0	0	0	8	3	0	1	0	11	4	0	1	0	26.7%	0.737	2.027	2.765	0.666	1.777	2.444	1.355	4.066	5.422	0.211	0.579	0.789	36	11.1%	51	11	117	72	61.90%
20	CA	Alexis Lafrenière	NYR	22	F	16	8	6	14	6	2	16:40	15:22	1:17	0:00	8	0	0	0	0	3	3	0	3	1	11	3	0	3	1	21.4%	1.799	1.349	3.148	1.952	0.732	2.683	0.000	8.710	8.710	0.500	0.375	0.875	43	18.6%	41	6	4	6	40.00%
21	CA	Sam Bennett	FLA	27	F	19	7	7	14	12	-1	16:03	13:43	2:05	0:14	6	1	0	1	0	4	3	0	0	0	10	4	0	1	0	28.6%	1.376	1.376	2.753	1.380	0.920	2.300	1.508	4.523	6.030	0.368	0.368	0.737	38	18.4%	87	5	54	51	51.43%
22	FI	Mikko Rantanen	COL	27	F	11	4	10	14	8	-1	24:03	20:43	3:17	0:02	3	1	0	1	0	6	4	0	1	0	9	5	0	2	0	35.7%	0.907	2.267	3.174	0.790	1.579	2.369	1.655	6.621	8.276	0.364	0.909	1.273	32	12.5%	21	13	51	48	51.52%
23	CA	Nathan MacKinnon	COL	28	F	11	4	10	14	4	-1	24:36	21:17	3:16	0:02	3	1	0	0	0	4	6	0	3	0	7	7	0	3	0	50.0%	0.887	2.216	3.103	0.769	1.025	1.794	1.666	9.995	11.661	0.364	0.909	1.273	46	8.7%	8	13	90	107	45.69%
24	CA	Tyler Seguin	DAL	31	F	19	5	8	13	2	9	17:12	14:34	1:45	0:52	4	0	1	2	0	6	2	0	1	0	10	2	1	3	0	15.4%	0.917	1.468	2.385	0.866	1.299	2.166	0.000	3.600	3.600	0.263	0.421	0.684	59	8.5%	32	6	117	91	56.25%
25	SE	Gustav Forsling	FLA	27	D	24	4	9	13	12	9	23:25	19:57	0:16	3:11	4	0	0	1	0	8	0	1	3	0	12	0	1	4	0	0.0%	0.427	0.961	1.388	0.501	1.002	1.503	0.000	0.000	0.000	0.167	0.375	0.542	51	7.8%	44	30	0	0	0.00%
26	US	Chris Kreider	NYR	32	F	16	8	4	12	6	-3	19:50	14:20	3:40	1:49	4	2	2	1	0	1	2	1	1	0	5	4	3	2	0	33.3%	1.512	0.756	2.268	1.046	0.262	1.308	2.038	2.038	4.076	0.500	0.250	0.750	39	20.5%	41	5	1	7	12.50%
27	US	Brock Boeser	VAN	26	F	12	7	5	12	8	2	20:18	16:44	3:33	0:01	6	1	0	1	0	4	1	0	1	0	10	2	0	2	0	16.7%	1.724	1.231	2.955	1.793	1.195	2.988	1.408	1.408	2.816	0.583	0.417	1.000	27	25.9%	7	8	1	1	50.00%
28	FI	Sebastian Aho	CAR	26	F	11	4	8	12	2	1	21:55	17:28	2:52	1:33	4	0	0	1	0	7	1	0	0	0	11	1	0	1	0	8.3%	0.995	1.991	2.986	1.248	2.184	3.432	0.000	1.893	1.893	0.364	0.727	1.091	30	13.3%	21	7	84	100	45.65%
29	US	J.T. Miller	VAN	30	F	13	3	9	12	8	5	21:26	17:09	3:47	0:29	2	1	0	1	0	6	3	0	2	0	8	4	0	3	0	33.3%	0.646	1.937	2.583	0.538	1.613	2.151	1.218	3.655	4.873	0.231	0.692	0.923	29	10.3%	42	8	150	106	58.59%
30	FI	Artturi Lehkonen	COL	28	F	11	6	5	11	4	-2	22:11	17:26	3:09	1:35	4	2	0	0	0	4	1	0	0	0	8	3	0	0	0	27.3%	1.475	1.229	2.705	1.251	1.251	2.503	3.453	1.727	5.180	0.545	0.455	1.000	34	17.7%	28	8	3	1	75.00%
31	CA	Jake DeBrusk	BOS	27	F	13	5	6	11	2	-5	18:00	13:53	1:58	2:08	2	3	0	0	0	4	2	0	1	0	6	5	0	1	0	45.5%	1.281	1.538	2.819	0.664	1.329	1.993	7.013	4.675	11.688	0.385	0.462	0.846	26	19.2%	53	16	0	2	0.00%
32	CA	Brandon Montour	FLA	29	D	24	3	8	11	12	0	22:39	18:31	3:54	0:13	1	1	1	0	0	6	2	0	1	1	7	3	1	1	1	27.3%	0.331	0.883	1.213	0.135	0.809	0.944	0.640	1.280	1.919	0.125	0.333	0.458	48	6.3%	48	36	0	0	0.00%
33	RU	Andrei Svechnikov	CAR	23	F	11	2	9	11	16	0	18:43	16:20	2:21	0:01	1	1	0	0	0	7	2	0	2	0	8	3	0	2	0	27.3%	0.582	2.621	3.204	0.334	2.336	2.670	2.312	4.624	6.936	0.182	0.818	1.000	28	7.1%	32	10	0	0	0.00%
34	RU	Valeri Nichushkin	COL	28	F	8	9	1	10	2	1	22:30	17:27	3:37	1:25	5	4	0	2	0	0	1	0	0	0	5	5	0	2	0	50.0%	2.999	0.333	3.332	2.148	0.000	2.148	8.266	2.067	10.333	1.125	0.125	1.250	24	37.5%	21	9	0	1	0.00%
35	SE	Elias Lindholm	VAN	29	F	13	5	5	10	4	4	19:12	14:05	2:39	2:27	3	2	0	2	1	5	0	0	1	0	8	2	0	3	1	20.0%	1.201	1.201	2.403	0.982	1.637	2.620	3.465	0.000	3.465	0.385	0.385	0.769	25	20.0%	36	16	131	125	51.17%
36	SE	Mattias Ekholm	EDM	33	D	25	5	5	10	6	9	21:57	18:53	0:19	2:45	4	1	0	0	0	5	0	0	2	0	9	1	0	2	0	10.0%	0.546	0.546	1.093	0.508	0.635	1.143	7.547	0.000	7.547	0.200	0.200	0.400	45	11.1%	28	47	0	0	0.00%
37	CA	Brad Marchand	BOS	35	F	11	3	7	10	16	3	18:15	13:58	2:02	2:14	1	2	0	2	0	3	4	0	0	0	4	6	0	2	0	60.0%	0.896	2.092	2.988	0.390	1.171	1.561	5.361	10.722	16.083	0.273	0.636	0.909	20	15.0%	28	9	4	4	50.00%
38	US	Quinn Hughes	VAN	24	D	13	0	10	10	6	1	24:25	20:26	3:53	0:06	0	0	0	0	0	5	5	0	3	0	5	5	0	3	0	50.0%	0.000	1.890	1.890	0.000	1.129	1.129	0.000	5.943	5.943	0.000	0.769	0.769	21	0.0%	4	14	0	0	0.00%
39	CA	Seth Jarvis	CAR	21	F	11	5	4	9	0	2	20:34	15:48	2:49	1:56	3	2	0	0	0	2	2	0	0	0	5	4	0	0	0	44.4%	1.325	1.060	2.386	1.036	0.690	1.726	3.854	3.854	7.709	0.455	0.364	0.818	25	20.0%	27	11	11	17	39.29%
40	RU	Vladimir Tarasenko	FLA	32	F	24	5	4	9	2	4	13:22	11:32	1:49	0:00	3	2	0	1	0	4	0	0	1	0	7	2	0	2	0	22.2%	0.935	0.748	1.683	0.650	0.867	1.517	2.730	0.000	2.730	0.208	0.167	0.375	47	10.6%	46	19	0	0	0.00%
41	US	Jake Guentzel	CAR	29	F	11	4	5	9	16	4	19:57	17:00	2:56	0:01	4	0	0	0	0	3	2	0	0	0	7	2	0	0	0	22.2%	1.093	1.366	2.459	1.283	0.963	2.246	0.000	3.713	3.713	0.364	0.455	0.818	28	14.3%	8	11	6	6	50.00%
42	CZ	Martin Necas	CAR	24	F	11	4	5	9	0	0	17:32	15:30	2:00	0:00	4	0	0	0	0	3	2	0	1	0	7	2	0	1	0	22.2%	1.244	1.555	2.799	1.406	1.055	2.461	0.000	5.414	5.414	0.364	0.455	0.818	24	16.7%	13	3	2	5	28.57%
43	US	Casey Mittelstadt	COL	25	F	11	3	6	9	2	0	17:24	16:39	0:45	0:00	3	0	0	0	0	6	0	0	0	0	9	0	0	0	0	0.0%	0.940	1.879	2.819	0.983	1.965	2.948	0.000	0.000	0.000	0.273	0.545	0.818	24	12.5%	16	6	65	81	44.52%
44	US	Brady Skjei	CAR	29	D	11	1	8	9	6	5	21:21	18:00	1:45	1:35	0	1	0	1	0	7	1	0	3	0	7	2	0	4	0	22.2%	0.255	2.043	2.299	0.000	2.120	2.120	3.114	3.114	6.228	0.091	0.727	0.818	24	4.2%	18	14	0	0	0.00%
45	CA	Barclay Goodrow	NYR	30	F	16	6	2	8	12	3	13:09	10:23	0:01	2:43	4	0	2	2	1	2	0	0	0	0	6	0	2	2	1	0.0%	1.710	0.570	2.281	1.443	0.721	2.164	0.000	0.000	0.000	0.375	0.125	0.500	15	40.0%	41	29	64	84	43.24%
46	RU	Nikita Zadorov	VAN	28	D	13	4	4	8	26	3	20:09	17:42	0:18	2:08	4	0	0	0	0	4	0	0	1	0	8	0	0	1	0	0.0%	0.916	0.916	1.832	1.043	1.043	2.085	0.000	0.000	0.000	0.308	0.308	0.615	21	19.1%	45	18	0	0	0.00%
47	CZ	David Pastrnak	BOS	27	F	13	4	4	8	25	0	19:39	16:37	2:55	0:05	3	1	0	1	1	3	1	0	0	0	6	2	0	1	1	25.0%	0.939	0.939	1.879	0.832	0.832	1.665	1.575	1.575	3.151	0.308	0.308	0.615	41	9.8%	26	9	6	5	54.55%
48	US	Dakota Joshua	VAN	27	F	13	4	4	8	10	1	15:49	13:13	1:01	1:34	4	0	0	1	0	4	0	0	2	1	8	0	0	3	1	0.0%	1.167	1.167	2.333	1.397	1.397	2.793	0.000	0.000	0.000	0.308	0.308	0.615	9	44.4%	74	7	4	4	50.00%
49	CA	Evander Kane	EDM	32	F	20	4	4	8	37	-7	14:57	14:22	0:35	0:00	4	0	0	0	0	3	1	0	2	0	7	1	0	2	0	12.5%	0.802	0.802	1.605	0.835	0.626	1.461	0.000	5.128	5.128	0.200	0.200	0.400	44	9.1%	64	6	6	10	37.50%
50	SE	Mattias Janmark-Nylén	EDM	31	F	25	4	4	8	12	6	11:56	9:54	0:02	1:59	2	0	2	1	0	4	0	0	2	0	6	0	2	3	0	0.0%	0.804	0.804	1.608	0.484	0.969	1.453	0.000	0.000	0.000	0.160	0.160	0.320	22	18.2%	23	6	0	4	0.00%
51	CA	Logan Stankoven	DAL	20	F	19	3	5	8	2	6	16:01	14:53	1:07	0:00	3	0	0	0	0	5	0	0	0	0	8	0	0	0	0	0.0%	0.591	0.986	1.577	0.636	1.060	1.697	0.000	0.000	0.000	0.158	0.263	0.421	36	8.3%	24	18	7	6	53.85%
52	CA	Warren Foegele	EDM	27	F	22	3	5	8	25	-7	12:01	10:32	0:17	1:11	3	0	0	0	0	5	0	0	0	0	8	0	0	0	0	0.0%	0.680	1.134	1.814	0.776	1.294	2.070	0.000	0.000	0.000	0.136	0.227	0.364	36	8.3%	36	8	0	2	0.00%
53	FI	Roope Hintz	DAL	27	F	15	2	6	8	6	0	17:19	14:15	2:08	0:55	2	0	0	0	0	4	2	0	0	0	6	2	0	0	0	25.0%	0.462	1.385	1.847	0.561	1.122	1.683	0.000	3.736	3.736	0.133	0.400	0.533	17	11.8%	20	10	66	51	56.41%
54	US	Jack Roslovic	NYR	26	F	16	2	6	8	6	0	13:51	12:43	1:07	0:01	0	2	0	0	0	6	0	0	2	1	6	2	0	2	1	25.0%	0.541	1.624	2.165	0.000	1.769	1.769	6.691	0.000	6.691	0.125	0.375	0.500	21	9.5%	10	8	6	11	35.29%
55	FI	Eetu Luostarinen	FLA	25	F	24	2	6	8	22	2	15:18	12:44	0:16	2:17	2	0	0	0	0	5	1	0	1	0	7	1	0	1	0	12.5%	0.327	0.980	1.307	0.392	0.981	1.374	0.000	9.045	9.045	0.083	0.250	0.333	27	7.4%	64	20	19	18	51.35%
56	CA	Brett Kulak	EDM	29	D	25	1	7	8	14	-3	16:29	15:28	0:06	0:54	1	0	0	0	0	7	0	0	0	0	8	0	0	0	0	0.0%	0.145	1.018	1.164	0.155	1.085	1.240	0.000	0.000	0.000	0.040	0.280	0.320	21	4.8%	23	45	0	0	0.00%
57	US	Adam Fox	NYR	25	D	16	0	8	8	8	5	23:57	18:21	3:17	2:19	0	0	0	0	0	5	3	0	1	0	5	3	0	1	0	37.5%	0.000	1.252	1.252	0.000	1.022	1.022	0.000	3.420	3.420	0.000	0.500	0.500	25	0.0%	17	41	0	0	0.00%
58	CA	Dylan Holloway	EDM	22	F	25	5	2	7	8	4	11:30	11:25	0:04	0:00	5	0	0	0	0	2	0	0	0	0	7	0	0	0	0	0.0%	1.043	0.417	1.460	1.050	0.420	1.469	0.000	0.000	0.000	0.200	0.080	0.280	29	17.2%	86	21	3	7	30.00%
59	CA	Adam Henrique	EDM	33	F	17	4	3	7	2	3	14:06	12:45	0:14	1:07	4	0	0	2	0	3	0	0	0	0	7	0	0	2	0	0.0%	1.001	0.751	1.751	1.107	0.830	1.937	0.000	0.000	0.000	0.235	0.176	0.412	14	28.6%	52	14	72	76	48.65%
60	US	Jack Eichel	VGK	27	F	7	3	4	7	0	0	21:20	18:03	1:53	1:23	2	0	1	0	0	2	2	0	1	0	4	2	1	1	0	28.6%	1.205	1.606	2.811	0.949	0.949	1.898	0.000	9.057	9.057	0.429	0.571	1.000	23	13.0%	12	7	55	54	50.46%
61	RU	Evgeny Dadonov	DAL	34	F	19	3	4	7	2	0	12:54	12:47	0:07	0:00	3	0	0	0	0	4	0	0	1	0	7	0	0	1	0	0.0%	0.734	0.978	1.712	0.740	0.987	1.728	0.000	0.000	0.000	0.158	0.211	0.368	26	11.5%	21	15	0	0	0.00%
62	CA	Josh Manson	COL	32	D	11	2	5	7	12	7	20:22	18:26	0:04	1:51	2	0	0	0	0	5	0	0	0	0	7	0	0	0	0	0.0%	0.535	1.338	1.874	0.591	1.478	2.070	0.000	0.000	0.000	0.182	0.455	0.636	25	8.0%	39	22	0	0	0.00%
63	SE	Victor Hedman	TBL	33	D	5	1	6	7	0	-1	25:45	18:19	4:37	2:48	1	0	0	0	0	3	2	1	0	0	4	2	1	0	0	28.6%	0.466	2.796	3.262	0.655	1.965	2.620	0.000	5.195	5.195	0.200	1.200	1.400	15	6.7%	10	9	0	0	0.00%
64	US	Jacob Trouba	NYR	29	D	16	1	6	7	22	0	20:58	17:25	0:39	2:53	0	0	1	0	0	4	1	1	2	1	4	1	2	2	1	14.3%	0.179	1.072	1.251	0.000	0.861	0.861	0.000	5.678	5.678	0.063	0.375	0.438	18	5.6%	60	72	0	0	0.00%
65	RU	Nikita Kucherov	TBL	30	F	5	0	7	7	2	-1	21:25	16:27	4:57	0:00	0	0	0	0	0	4	3	0	0	0	4	3	0	0	0	42.9%	0.000	3.920	3.920	0.000	2.917	2.917	0.000	7.253	7.253	0.000	1.400	1.400	9	0.0%	13	3	0	0	0.00%
66	CA	Steven Stamkos	TBL	33	F	5	5	1	6	2	-5	20:05	15:12	4:51	0:01	2	3	0	0	0	1	0	0	0	0	3	3	0	0	0	50.0%	2.988	0.598	3.585	1.578	0.789	2.367	7.407	0.000	7.407	1.000	0.200	1.200	15	33.3%	23	3	43	38	53.09%
67	RU	Evgeny Kuznetsov	CAR	31	F	10	4	2	6	4	1	11:29	9:35	1:54	0:00	3	1	0	1	0	2	0	0	1	0	5	1	0	2	0	16.7%	2.088	1.044	3.131	1.876	1.251	3.127	3.152	0.000	3.152	0.400	0.200	0.600	20	20.0%	8	1	38	44	46.34%
68	CA	Mark Scheifele	WPG	30	F	5	2	4	6	0	-6	21:42	18:53	2:40	0:08	2	0	0	0	0	1	3	0	1	0	3	3	0	1	0	50.0%	1.105	2.211	3.316	1.271	0.635	1.906	0.000	13.433	13.433	0.400	0.800	1.200	10	20.0%	13	5	52	40	56.52%
69	SE	Filip Forsberg	NSH	29	F	6	2	4	6	2	0	20:25	16:37	3:47	0:00	2	0	0	1	0	2	2	0	1	0	4	2	0	2	0	33.3%	0.979	1.958	2.937	1.203	1.203	2.405	0.000	5.267	5.267	0.333	0.667	1.000	17	11.8%	18	2	1	0	100.00%
70	RU	Dmitry Orlov	CAR	32	D	11	2	4	6	14	0	20:56	19:58	0:05	0:52	2	0	0	0	0	4	0	0	0	0	6	0	0	0	0	0.0%	0.521	1.042	1.563	0.546	1.092	1.639	0.000	0.000	0.000	0.182	0.364	0.545	22	9.1%	18	19	0	0	0.00%
71	FI	Teuvo Teräväinen	CAR	29	F	11	2	4	6	0	0	18:07	14:24	2:18	1:24	1	1	0	0	0	2	2	0	1	0	3	3	0	1	0	50.0%	0.602	1.203	1.805	0.378	0.757	1.135	2.356	4.712	7.068	0.182	0.364	0.545	18	11.1%	3	7	4	5	44.44%
72	CA	Matt Duchene	DAL	32	F	19	2	4	6	6	0	17:10	15:32	1:33	0:03	1	1	0	1	1	3	1	0	0	0	4	2	0	1	1	33.3%	0.368	0.736	1.104	0.203	0.609	0.813	2.022	2.022	4.045	0.105	0.211	0.316	27	7.4%	19	21	76	71	51.70%
73	CA	Connor Brown	EDM	29	F	19	2	4	6	6	4	11:55	10:03	0:03	1:48	1	0	1	0	0	2	0	2	1	0	3	0	3	1	0	0.0%	0.530	1.060	1.590	0.314	0.628	0.942	0.000	0.000	0.000	0.105	0.211	0.316	14	14.3%	9	10	4	4	50.00%
74	SE	Oliver Ekman-Larsson	FLA	32	D	24	2	4	6	24	1	15:26	13:13	1:45	0:27	2	0	0	0	0	0	4	0	0	0	2	4	0	0	0	66.7%	0.324	0.648	0.971	0.378	0.000	0.378	0.000	5.701	5.701	0.083	0.167	0.250	27	7.4%	65	18	0	0	0.00%
75	CA	Darnell Nurse	EDM	28	D	25	2	4	6	12	-9	18:50	16:41	0:31	1:36	2	0	0	0	0	3	1	0	1	0	5	1	0	1	0	16.7%	0.255	0.510	0.764	0.288	0.431	0.719	0.000	4.517	4.517	0.080	0.160	0.240	43	4.7%	49	62	0	0	0.00%
76	CA	Devon Toews	COL	29	D	10	1	5	6	2	4	25:11	21:43	0:59	2:28	0	0	1	0	0	5	0	0	1	0	5	0	1	1	0	0.0%	0.238	1.191	1.429	0.000	1.381	1.381	0.000	0.000	0.000	0.100	0.500	0.600	18	5.6%	14	13	0	0	0.00%
77	CZ	Pavel Zacha	BOS	26	F	13	1	5	6	4	2	18:04	13:46	1:54	2:23	1	0	0	0	0	5	0	0	1	0	6	0	0	1	0	0.0%	0.255	1.277	1.532	0.335	1.676	2.012	0.000	0.000	0.000	0.077	0.385	0.462	19	5.3%	25	4	72	80	47.37%
78	US	Charlie McAvoy	BOS	26	D	13	1	5	6	20	-4	25:35	20:46	2:20	2:27	1	0	0	1	0	2	3	0	1	0	3	3	0	2	0	50.0%	0.180	0.902	1.082	0.222	0.444	0.666	0.000	5.905	5.905	0.077	0.385	0.462	23	4.4%	53	34	0	0	0.00%
79	SE	Elias Pettersson	VAN	25	F	13	1	5	6	2	0	19:07	14:48	3:24	0:54	0	1	0	0	0	4	1	0	2	0	4	2	0	2	0	33.3%	0.241	1.206	1.447	0.000	1.247	1.247	1.352	1.352	2.705	0.077	0.385	0.462	22	4.6%	28	11	51	51	50.00%
80	CA	Aaron Ekblad	FLA	27	D	24	1	5	6	16	4	22:32	19:01	0:22	3:09	1	0	0	0	0	4	0	1	3	0	5	0	1	3	0	0.0%	0.111	0.554	0.665	0.131	0.526	0.657	0.000	0.000	0.000	0.042	0.208	0.250	33	3.0%	71	48	0	0	0.00%
81	SE	Adrian Kempe	LAK	27	F	5	4	1	5	4	-1	19:48	14:57	3:14	1:36	4	0	0	0	0	1	0	0	0	0	5	0	0	0	0	0.0%	2.424	0.606	3.030	3.210	0.802	4.012	0.000	0.000	0.000	0.800	0.200	1.000	21	19.1%	13	0	0	0	0.00%
82	CA	Morgan Geekie	BOS	25	F	13	4	1	5	6	0	16:39	14:52	1:41	0:05	3	1	0	0	0	1	0	0	0	0	4	1	0	0	0	20.0%	1.108	0.277	1.386	0.931	0.310	1.241	2.736	0.000	2.736	0.308	0.077	0.385	19	21.1%	32	6	65	77	45.77%
83	US	Kyle Connor	WPG	27	F	5	3	2	5	4	-2	20:46	17:49	2:38	0:19	2	1	0	1	0	2	0	0	0	0	4	1	0	1	0	20.0%	1.733	1.155	2.888	1.347	1.347	2.693	4.551	0.000	4.551	0.600	0.400	1.000	19	15.8%	4	2	0	0	0.00%
84	CA	Brandon Hagel	TBL	25	F	5	3	2	5	2	-5	21:36	16:39	2:41	2:14	2	0	1	1	0	1	1	0	0	0	3	1	1	1	0	20.0%	1.667	1.111	2.778	1.440	0.720	2.160	0.000	4.455	4.455	0.600	0.400	1.000	8	37.5%	12	4	1	2	33.33%
85	US	Conor Garland	VAN	27	F	13	3	2	5	2	0	15:05	13:19	1:41	0:05	3	0	0	1	0	2	0	0	2	1	5	0	0	3	1	0.0%	0.918	0.612	1.530	1.039	0.693	1.732	0.000	0.000	0.000	0.231	0.154	0.385	24	12.5%	10	11	0	0	0.00%
86	CA	Mason Marchment	DAL	28	F	13	3	2	5	10	-3	16:14	14:54	1:20	0:00	3	0	0	1	0	2	0	0	0	0	5	0	0	1	0	0.0%	0.852	0.568	1.420	0.928	0.619	1.547	0.000	0.000	0.000	0.231	0.154	0.385	24	12.5%	52	6	2	2	50.00%
87	US	Trent Frederic	BOS	25	F	13	3	2	5	20	5	13:23	12:24	0:06	0:52	3	0	0	0	0	2	0	0	1	0	5	0	0	1	0	0.0%	1.034	0.689	1.724	1.116	0.744	1.861	0.000	0.000	0.000	0.231	0.154	0.385	18	16.7%	53	10	22	38	36.67%
88	FI	Esa Lindell	DAL	29	D	19	3	2	5	4	2	24:45	22:35	0:09	2:00	3	0	0	0	0	2	0	0	1	0	5	0	0	1	0	0.0%	0.383	0.255	0.638	0.419	0.280	0.699	0.000	0.000	0.000	0.158	0.105	0.263	23	13.0%	27	46	0	0	0.00%
89	CA	Mathew Barzal	NYI	26	F	5	2	3	5	4	-1	21:08	18:30	2:37	0:00	2	0	0	1	1	2	1	0	0	0	4	1	0	1	1	20.0%	1.136	1.703	2.839	1.297	1.297	2.595	0.000	4.580	4.580	0.400	0.600	1.000	15	13.3%	5	3	0	0	0.00%
90	CA	Brayden Point	TBL	27	F	5	2	3	5	2	-1	20:37	15:51	4:38	0:08	2	0	0	0	0	1	2	0	0	0	3	2	0	0	0	40.0%	1.164	1.746	2.910	1.514	0.757	2.271	0.000	5.180	5.180	0.400	0.600	1.000	12	16.7%	9	4	14	19	42.42%
91	CA	Brayden McNabb	VGK	32	D	7	2	3	5	0	5	21:15	19:03	0:00	2:12	2	0	0	1	0	2	0	1	0	0	4	0	1	1	0	0.0%	0.807	1.210	2.017	0.900	0.900	1.800	0.000	0.000	0.000	0.286	0.429	0.714	14	14.3%	15	27	0	0	0.00%
92	US	Noah Hanifin	VGK	26	D	7	2	3	5	0	-2	23:43	20:34	1:51	1:16	2	0	0	2	0	0	3	0	0	0	2	3	0	2	0	60.0%	0.723	1.084	1.807	0.833	0.000	0.833	0.000	13.811	13.811	0.286	0.429	0.714	12	16.7%	6	12	0	0	0.00%
93	CA	Cody Ceci	EDM	30	D	24	2	3	5	0	-5	19:21	16:57	0:10	2:14	2	0	0	0	0	3	0	0	0	0	5	0	0	0	0	0.0%	0.258	0.387	0.645	0.295	0.442	0.737	0.000	0.000	0.000	0.083	0.125	0.208	24	8.3%	36	30	0	0	0.00%
94	US	James van Riemsdyk	BOS	34	F	11	1	4	5	0	-1	11:45	9:55	1:50	0:00	1	0	0	0	0	3	1	0	0	0	4	1	0	0	0	20.0%	0.464	1.854	2.318	0.550	1.650	2.200	0.000	2.953	2.953	0.091	0.364	0.455	16	6.3%	24	5	2	1	66.67%
95	US	Jack Drury	CAR	23	F	11	1	4	5	2	7	13:05	12:06	0:22	0:36	1	0	0	1	0	4	0	0	1	0	5	0	0	2	0	0.0%	0.417	1.666	2.083	0.450	1.801	2.251	0.000	0.000	0.000	0.091	0.364	0.455	21	4.8%	10	11	54	33	62.07%
96	CA	Carson Soucy	VAN	29	D	12	1	4	5	6	1	16:58	14:52	0:23	1:42	1	0	0	0	0	4	0	0	0	0	5	0	0	0	0	0.0%	0.295	1.178	1.473	0.336	1.344	1.680	0.000	0.000	0.000	0.083	0.333	0.417	3	33.3%	32	12	0	0	0.00%
97	US	Charlie Coyle	BOS	31	F	13	1	4	5	12	0	18:48	14:02	1:59	2:47	1	0	0	0	0	2	2	0	2	0	3	2	0	2	0	40.0%	0.245	0.981	1.226	0.329	0.657	0.986	0.000	4.651	4.651	0.077	0.308	0.385	20	5.0%	59	26	119	129	47.98%
98	CA	Sam Steel	DAL	25	F	19	1	4	5	2	1	13:14	11:37	0:02	1:35	1	0	0	0	0	3	0	1	3	0	4	0	1	3	0	0.0%	0.238	0.954	1.192	0.272	0.816	1.087	0.000	0.000	0.000	0.053	0.211	0.263	19	5.3%	24	7	44	49	47.31%
99	CA	Andrew Cogliano	COL	36	F	11	0	5	5	2	2	8:37	6:55	0:00	1:41	0	0	0	0	0	4	0	1	2	1	4	0	1	2	1	0.0%	0.000	3.161	3.161	0.000	3.148	3.148	0.000	0.000	0.000	0.000	0.455	0.455	3	0.0%	5	7	3	8	27.27%
100	US	Stefan Noesen	CAR	30	F	11	4	0	4	21	1	9:22	7:32	1:49	0:00	3	1	0	1	0	0	0	0	0	0	3	1	0	1	0	25.0%	2.327	0.000	2.327	2.169	0.000	2.169	2.983	0.000	2.983	0.364	0.000	0.364	11	36.4%	16	2	0	2	0.00%
101	CA	Ryan McLeod	EDM	24	F	24	4	0	4	16	-7	13:12	11:13	0:26	1:31	4	0	0	0	0	0	0	0	0	0	4	0	0	0	0	0.0%	0.757	0.000	0.757	0.891	0.000	0.891	0.000	0.000	0.000	0.167	0.000	0.167	26	15.4%	27	8	77	71	52.03%
102	CA	Josh Morrissey	WPG	28	D	5	3	1	4	2	-3	24:35	21:40	2:42	0:12	1	2	0	0	0	0	1	0	0	0	1	3	0	0	0	75.0%	1.464	0.488	1.953	0.554	0.000	0.554	8.867	4.433	13.300	0.600	0.200	0.800	12	25.0%	4	12	0	0	0.00%
103	US	Brandon Carlo	BOS	27	D	13	3	1	4	6	4	19:54	16:05	0:04	3:44	3	0	0	1	0	1	0	0	1	1	4	0	0	2	1	0.0%	0.696	0.232	0.927	0.860	0.287	1.147	0.000	0.000	0.000	0.231	0.077	0.308	20	15.0%	34	24	0	0	0.00%
104	US	Brock Nelson	NYI	32	F	5	2	2	4	10	-2	20:01	17:17	2:33	0:10	2	0	0	0	0	1	1	0	0	0	3	1	0	0	0	25.0%	1.199	1.199	2.397	1.388	0.694	2.081	0.000	4.706	4.706	0.400	0.400	0.800	7	28.6%	3	8	32	33	49.23%
105	CA	Jonathan Marchessault	VGK	33	F	7	2	2	4	2	1	18:44	17:33	1:11	0:00	2	0	0	0	0	2	0	0	0	0	4	0	0	0	0	0.0%	0.915	0.915	1.829	0.977	0.977	1.953	0.000	0.000	0.000	0.286	0.286	0.571	25	8.0%	25	4	2	2	50.00%
106	CA	Jordan Martinook	CAR	31	F	11	2	2	4	6	3	15:38	14:49	0:05	0:44	2	0	0	1	0	2	0	0	0	0	4	0	0	1	0	0.0%	0.697	0.697	1.394	0.736	0.736	1.472	0.000	0.000	0.000	0.182	0.182	0.364	20	10.0%	17	4	6	11	35.29%
107	FI	Niko Mikkola	FLA	27	D	24	2	2	4	22	4	18:38	16:39	0:02	1:57	2	0	0	0	0	2	0	0	0	0	4	0	0	0	0	0.0%	0.268	0.268	0.536	0.300	0.300	0.601	0.000	0.000	0.000	0.083	0.083	0.167	23	8.7%	61	29	0	0	0.00%
108	US	Anders Lee	NYI	33	F	5	1	3	4	6	-4	16:14	15:04	1:09	0:00	0	1	0	0	0	2	1	0	0	0	2	2	0	0	0	50.0%	0.739	2.217	2.956	0.000	1.592	1.592	10.375	10.375	20.749	0.200	0.600	0.800	15	6.7%	13	2	0	0	0.00%
109	US	Auston Matthews	TOR	26	F	5	1	3	4	2	2	19:52	15:34	4:00	0:18	1	0	0	1	0	2	1	0	0	0	3	1	0	1	0	25.0%	0.604	1.811	2.414	0.771	1.541	2.312	0.000	2.998	2.998	0.200	0.600	0.800	20	5.0%	26	4	52	39	57.14%
110	SE	Gustav Nyquist	NSH	34	F	6	1	3	4	2	-3	20:04	16:20	3:42	0:01	1	0	0	0	0	2	1	0	2	0	3	1	0	2	0	25.0%	0.498	1.494	1.992	0.612	1.224	1.835	0.000	2.693	2.693	0.167	0.500	0.667	5	20.0%	6	2	2	6	25.00%
111	CA	Max Domi	TOR	28	F	7	1	3	4	6	1	16:57	14:47	2:07	0:01	1	0	0	0	0	3	0	0	1	0	4	0	0	1	0	0.0%	0.506	1.517	2.023	0.579	1.738	2.317	0.000	0.000	0.000	0.143	0.429	0.571	17	5.9%	5	6	28	14	66.67%
112	CA	Tyler Bertuzzi	TOR	28	F	7	1	3	4	6	2	18:34	15:46	2:46	0:02	1	0	0	0	0	2	1	0	0	0	3	1	0	0	0	25.0%	0.461	1.384	1.845	0.543	1.087	1.630	0.000	3.093	3.093	0.143	0.429	0.571	21	4.8%	22	4	0	1	0.00%
113	CA	Brent Burns	CAR	38	D	11	1	3	4	2	4	22:46	18:16	2:31	1:57	1	0	0	0	0	2	1	0	0	0	3	1	0	0	0	25.0%	0.240	0.719	0.958	0.298	0.597	0.895	0.000	2.158	2.158	0.091	0.273	0.364	24	4.2%	6	17	0	0	0.00%
114	US	Ross Colton	COL	27	F	11	1	3	4	2	2	13:00	12:01	0:44	0:14	1	0	0	0	0	3	0	0	0	0	4	0	0	0	0	0.0%	0.419	1.257	1.677	0.453	1.360	1.814	0.000	0.000	0.000	0.091	0.273	0.364	14	7.1%	43	11	54	58	48.21%
115	US	Mason Lohrei	BOS	22	D	11	1	3	4	10	0	17:11	15:41	1:08	0:21	1	0	0	1	0	3	0	0	0	0	4	0	0	1	0	0.0%	0.317	0.951	1.269	0.348	1.043	1.391	0.000	0.000	0.000	0.091	0.273	0.364	14	7.1%	12	17	0	0	0.00%
116	SE	Hampus Lindholm	BOS	29	D	13	1	3	4	8	3	22:20	18:34	0:19	3:25	1	0	0	0	0	3	0	0	2	1	4	0	0	2	1	0.0%	0.207	0.620	0.826	0.248	0.745	0.994	0.000	0.000	0.000	0.077	0.231	0.308	17	5.9%	14	21	0	0	0.00%
117	US	K'Andre Miller	NYR	23	D	16	1	3	4	8	2	21:05	18:54	0:04	2:05	0	0	1	1	0	3	0	0	0	0	3	0	1	1	0	0.0%	0.178	0.534	0.711	0.000	0.595	0.595	0.000	0.000	0.000	0.063	0.188	0.250	13	7.7%	31	23	0	0	0.00%
118	US	Joe Pavelski	DAL	39	F	19	1	3	4	2	-5	17:42	15:27	2:11	0:02	1	0	0	0	0	2	1	0	1	1	3	1	0	1	1	25.0%	0.178	0.535	0.714	0.204	0.409	0.613	0.000	1.436	1.436	0.053	0.158	0.211	27	3.7%	34	17	59	66	47.20%
119	US	Ryan Suter	DAL	38	D	19	1	3	4	16	1	17:49	16:59	0:03	0:46	1	0	0	0	0	3	0	0	2	1	4	0	0	2	1	0.0%	0.177	0.531	0.709	0.186	0.558	0.744	0.000	0.000	0.000	0.053	0.158	0.211	9	11.1%	19	19	0	0	0.00%
120	CA	Gabriel Vilardi	WPG	24	F	5	0	4	4	6	-4	17:03	14:34	2:29	0:00	0	0	0	0	0	3	1	0	1	0	3	1	0	1	0	25.0%	0.000	2.814	2.814	0.000	2.471	2.471	0.000	4.826	4.826	0.000	0.800	0.800	9	0.0%	4	4	0	1	0.00%
121	CA	Quinton Byfield	LAK	21	F	5	0	4	4	4	4	16:11	14:53	1:18	0:00	0	0	0	0	0	4	0	0	1	1	4	0	0	1	1	0.0%	0.000	2.964	2.964	0.000	3.224	3.224	0.000	0.000	0.000	0.000	0.800	0.800	8	0.0%	11	0	4	4	50.00%
122	RU	Ivan Barbashev	VGK	28	F	7	0	4	4	0	3	14:54	14:53	0:01	0:00	0	0	0	0	0	4	0	0	0	0	4	0	0	0	0	0.0%	0.000	2.301	2.301	0.000	2.304	2.304	0.000	0.000	0.000	0.000	0.571	0.571	8	0.0%	41	1	1	3	25.00%
123	CA	Thomas Harley	DAL	22	D	19	0	4	4	0	8	23:51	21:34	1:25	0:51	0	0	0	0	0	3	0	1	2	0	3	0	1	2	0	0.0%	0.000	0.529	0.529	0.000	0.439	0.439	0.000	0.000	0.000	0.000	0.211	0.211	28	0.0%	12	50	0	0	0.00%
124	SE	William Nylander	TOR	27	F	4	3	0	3	4	2	21:44	18:21	3:22	0:00	3	0	0	1	0	0	0	0	0	0	3	0	0	1	0	0.0%	2.071	0.000	2.071	2.452	0.000	2.452	0.000	0.000	0.000	0.750	0.000	0.750	18	16.7%	5	5	4	2	66.67%
125	CA	Mark Stone	VGK	31	F	7	3	0	3	2	-2	18:22	15:35	1:39	1:07	1	2	0	0	0	0	0	0	0	0	1	2	0	0	0	66.7%	1.399	0.000	1.399	0.550	0.000	0.550	10.300	0.000	10.300	0.429	0.000	0.429	10	30.0%	16	3	0	0	0.00%
126	US	Miles Wood	COL	28	F	11	3	0	3	13	1	13:50	12:09	0:00	1:41	3	0	0	1	1	0	0	0	0	0	3	0	0	1	1	0.0%	1.182	0.000	1.182	1.347	0.000	1.347	0.000	0.000	0.000	0.273	0.000	0.273	23	13.0%	27	6	0	3	0.00%
127	SK	Martin Fehervary	WSH	24	D	4	2	1	3	2	0	21:44	18:01	0:14	3:29	2	0	0	0	0	1	0	0	0	0	3	0	0	0	0	0.0%	1.380	0.690	2.069	1.665	0.833	2.498	0.000	0.000	0.000	0.500	0.250	0.750	8	25.0%	16	9	0	0	0.00%
128	CA	Drew Doughty	LAK	34	D	5	2	1	3	14	-4	27:18	21:53	3:10	2:13	2	0	0	0	0	1	0	0	0	0	3	0	0	0	0	0.0%	0.879	0.440	1.319	1.096	0.548	1.645	0.000	0.000	0.000	0.400	0.200	0.600	6	33.3%	8	11	0	0	0.00%
129	US	Matthew Knies	TOR	21	F	7	2	1	3	2	-1	15:05	13:42	0:58	0:24	2	0	0	1	1	1	0	0	1	0	3	0	0	2	1	0.0%	1.136	0.568	1.704	1.250	0.625	1.876	0.000	0.000	0.000	0.286	0.143	0.429	14	14.3%	23	9	1	0	100.00%
130	SE	Philip Broberg	EDM	22	D	10	2	1	3	0	8	15:47	14:10	0:05	1:32	2	0	0	0	0	1	0	0	0	0	3	0	0	0	0	0.0%	0.760	0.380	1.140	0.847	0.423	1.270	0.000	0.000	0.000	0.200	0.100	0.300	6	33.3%	2	18	0	0	0.00%
131	US	Zach Parise	COL	39	F	11	2	1	3	0	-1	14:34	13:55	0:38	0:01	2	0	0	1	0	1	0	0	0	0	3	0	0	1	0	0.0%	0.748	0.374	1.122	0.784	0.392	1.176	0.000	0.000	0.000	0.182	0.091	0.273	19	10.5%	30	10	0	1	0.00%
132	CH	Pius Suter	VAN	27	F	13	2	1	3	6	2	14:22	13:19	0:40	0:21	2	0	0	1	0	1	0	0	0	0	3	0	0	1	0	0.0%	0.642	0.321	0.964	0.693	0.346	1.039	0.000	0.000	0.000	0.154	0.077	0.231	23	8.7%	13	5	6	9	40.00%
133	CA	Steven Lorentz	FLA	27	F	16	2	1	3	0	-1	7:07	6:40	0:05	0:21	2	0	0	1	0	1	0	0	0	0	3	0	0	1	0	0.0%	1.054	0.527	1.581	1.125	0.562	1.687	0.000	0.000	0.000	0.125	0.063	0.188	7	28.6%	40	4	26	36	41.94%
134	CA	Tom Wilson	WSH	29	F	4	1	2	3	16	1	19:01	13:23	3:31	2:06	0	1	0	0	0	1	1	0	0	0	1	2	0	0	0	66.7%	0.788	1.577	2.365	0.000	1.120	1.120	4.255	4.255	8.511	0.250	0.500	0.750	10	10.0%	15	5	0	0	0.00%
135	SI	Anze Kopitar	LAK	36	F	5	1	2	3	4	0	20:00	15:00	3:06	1:53	1	0	0	1	1	2	0	0	0	0	3	0	0	1	1	0.0%	0.600	1.199	1.799	0.800	1.599	2.399	0.000	0.000	0.000	0.200	0.400	0.600	9	11.1%	14	4	60	42	58.82%
136	US	Kyle Palmieri	NYI	32	F	5	1	2	3	12	-1	19:40	15:14	2:16	2:08	1	0	0	0	0	2	0	0	0	0	3	0	0	0	0	0.0%	0.610	1.220	1.830	0.787	1.574	2.361	0.000	0.000	0.000	0.200	0.400	0.600	16	6.3%	6	8	2	2	50.00%
137	CA	Bo Horvat	NYI	28	F	5	1	2	3	0	-2	22:07	17:43	2:37	1:46	1	0	0	0	0	2	0	0	1	1	3	0	0	1	1	0.0%	0.543	1.085	1.628	0.677	1.354	2.032	0.000	0.000	0.000	0.200	0.400	0.600	20	5.0%	6	2	53	44	54.64%
138	US	Michael Anderson	LAK	24	D	5	1	2	3	2	-1	20:03	17:35	0:00	2:27	1	0	0	0	0	2	0	0	1	1	3	0	0	1	1	0.0%	0.598	1.197	1.795	0.682	1.364	2.046	0.000	0.000	0.000	0.200	0.400	0.600	9	11.1%	17	9	0	0	0.00%
139	CH	Roman Josi	NSH	33	D	6	1	2	3	2	1	25:43	20:58	4:07	0:38	0	1	0	0	0	2	0	0	0	0	2	1	0	0	0	33.3%	0.389	0.777	1.166	0.000	0.954	0.954	2.424	0.000	2.424	0.167	0.333	0.500	13	7.7%	3	11	0	0	0.00%
140	US	Jason Zucker	NSH	31	F	6	1	2	3	2	4	14:17	12:32	1:45	0:00	1	0	0	0	0	2	0	0	0	0	3	0	0	0	0	0.0%	0.699	1.399	2.098	0.798	1.595	2.393	0.000	0.000	0.000	0.167	0.333	0.500	17	5.9%	15	1	0	0	0.00%
141	CA	Alexandre Carrier	NSH	27	D	6	1	2	3	0	-1	21:06	18:01	1:12	1:53	1	0	0	1	0	2	0	0	0	0	3	0	0	1	0	0.0%	0.474	0.947	1.421	0.555	1.110	1.665	0.000	0.000	0.000	0.167	0.333	0.500	8	12.5%	3	19	0	0	0.00%
142	CA	Mitch Marner	TOR	26	F	7	1	2	3	2	1	21:13	15:36	3:56	1:40	1	0	0	0	0	2	0	0	0	0	3	0	0	0	0	0.0%	0.404	0.808	1.212	0.549	1.099	1.648	0.000	0.000	0.000	0.143	0.286	0.429	12	8.3%	6	1	2	2	50.00%
143	US	Jaccob Slavin	CAR	29	D	11	1	2	3	2	5	22:51	20:31	0:05	2:13	1	0	0	0	0	2	0	0	0	0	3	0	0	0	0	0.0%	0.239	0.477	0.716	0.266	0.531	0.797	0.000	0.000	0.000	0.091	0.182	0.273	23	4.4%	9	20	0	0	0.00%
144	US	Jimmy Vesey	NYR	30	F	12	1	2	3	2	1	11:11	10:03	0:00	1:07	1	0	0	0	0	2	0	0	0	0	3	0	0	0	0	0.0%	0.447	0.894	1.340	0.497	0.994	1.492	0.000	0.000	0.000	0.083	0.167	0.250	9	11.1%	8	9	1	1	50.00%
145	CA	Corey Perry	EDM	38	F	19	1	2	3	12	-3	10:45	10:03	0:42	0:00	0	1	0	1	0	2	0	0	0	0	2	1	0	1	0	33.3%	0.293	0.587	0.880	0.000	0.628	0.628	4.455	0.000	4.455	0.053	0.105	0.158	15	6.7%	18	2	0	0	0.00%
146	CA	Brenden Dillon	WPG	33	D	3	0	3	3	4	1	21:04	18:42	0:03	2:18	0	0	0	0	0	3	0	0	0	0	3	0	0	0	0	0.0%	0.000	2.847	2.847	0.000	3.209	3.209	0.000	0.000	0.000	0.000	1.000	1.000	1	0.0%	12	6	0	0	0.00%
147	CA	Jonathan Drouin	COL	28	F	3	0	3	3	2	-1	24:15	22:03	2:11	0:00	0	0	0	0	0	1	2	0	0	0	1	2	0	0	0	66.7%	0.000	2.473	2.473	0.000	0.907	0.907	0.000	18.274	18.274	0.000	1.000	1.000	4	0.0%	6	1	6	7	46.15%
148	SE	Viktor Arvidsson	LAK	30	F	5	0	3	3	0	-1	18:15	14:59	3:15	0:00	0	0	0	0	0	3	0	0	0	0	3	0	0	0	0	0.0%	0.000	1.972	1.972	0.000	2.402	2.402	0.000	0.000	0.000	0.000	0.600	0.600	11	0.0%	12	5	2	3	40.00%
149	CA	Ryan Pulock	NYI	29	D	5	0	3	3	0	1	24:35	20:49	1:04	2:41	0	0	0	0	0	3	0	0	0	0	3	0	0	0	0	0.0%	0.000	1.464	1.464	0.000	1.729	1.729	0.000	0.000	0.000	0.000	0.600	0.600	2	0.0%	14	13	0	0	0.00%
150	CA	Morgan Rielly	TOR	29	D	7	0	3	3	0	2	24:50	20:05	4:12	0:33	0	0	0	0	0	3	0	0	1	0	3	0	0	1	0	0.0%	0.000	1.035	1.035	0.000	1.280	1.280	0.000	0.000	0.000	0.000	0.429	0.429	17	0.0%	14	15	0	0	0.00%
151	RU	Ilya Lyubushkin	TOR	29	D	7	0	3	3	2	4	16:30	15:27	0:00	1:02	0	0	0	0	0	3	0	0	2	1	3	0	0	2	1	0.0%	0.000	1.558	1.558	0.000	1.664	1.664	0.000	0.000	0.000	0.000	0.429	0.429	3	0.0%	29	7	0	0	0.00%
152	CA	Samuel Girard	COL	25	D	9	0	3	3	0	3	22:58	20:16	0:47	1:55	0	0	0	0	0	3	0	0	1	1	3	0	0	1	1	0.0%	0.000	0.871	0.871	0.000	0.987	0.987	0.000	0.000	0.000	0.000	0.333	0.333	9	0.0%	12	22	0	0	0.00%
153	SE	Erik Gustafsson	NYR	31	D	16	0	3	3	8	-3	18:09	16:18	1:37	0:13	0	0	0	0	0	2	1	0	0	0	2	1	0	0	0	33.3%	0.000	0.620	0.620	0.000	0.460	0.460	0.000	2.303	2.303	0.000	0.188	0.188	13	0.0%	32	16	0	0	0.00%
154	US	Ryan Lindgren	NYR	25	D	16	0	3	3	6	0	20:06	16:41	0:00	3:25	0	0	0	0	0	2	0	1	2	1	2	0	1	2	1	0.0%	0.000	0.559	0.559	0.000	0.449	0.449	0.000	0.000	0.000	0.000	0.188	0.188	9	0.0%	22	20	0	0	0.00%
155	CA	Tyler Toffoli	WPG	31	F	5	2	0	2	0	-2	14:04	12:27	1:37	0:00	2	0	0	0	0	0	0	0	0	0	2	0	0	0	0	0.0%	1.705	0.000	1.705	1.927	0.000	1.927	0.000	0.000	0.000	0.400	0.000	0.400	8	25.0%	8	2	4	1	80.00%
156	CA	Adam Lowry	WPG	30	F	5	2	0	2	7	-3	14:21	12:38	0:03	1:39	2	0	0	0	0	0	0	0	0	0	2	0	0	0	0	0.0%	1.672	0.000	1.672	1.899	0.000	1.899	0.000	0.000	0.000	0.400	0.000	0.400	4	50.0%	25	3	55	35	61.11%
157	CA	Nick Paul	TBL	28	F	5	2	0	2	6	-4	17:13	13:46	3:10	0:16	1	1	0	0	0	0	0	0	0	0	1	1	0	0	0	50.0%	1.394	0.000	1.394	0.871	0.000	0.871	3.785	0.000	3.785	0.400	0.000	0.400	14	14.3%	16	5	43	39	52.44%
158	US	John Carlson	WSH	33	D	4	1	1	2	2	-1	29:11	20:39	5:19	3:12	1	0	0	0	0	0	1	0	0	0	1	1	0	0	0	50.0%	0.514	0.514	1.028	0.726	0.000	0.726	0.000	2.819	2.819	0.250	0.250	0.500	14	7.1%	4	4	0	0	0.00%
159	CA	Jean-Gabriel Pageau	NYI	31	F	4	1	1	2	0	-3	17:51	14:25	0:58	2:28	0	1	0	0	0	0	1	0	0	0	0	2	0	0	0	100.0%	0.840	0.840	1.679	0.000	0.000	0.000	15.517	15.517	31.034	0.250	0.250	0.500	6	16.7%	5	5	44	35	55.70%
160	CA	Dylan Strome	WSH	26	F	4	1	1	2	0	-1	20:20	15:23	4:44	0:13	0	1	0	0	0	1	0	0	0	0	1	1	0	0	0	50.0%	0.737	0.737	1.475	0.000	0.975	0.975	3.169	0.000	3.169	0.250	0.250	0.500	10	10.0%	6	2	38	40	48.72%
161	CA	Mike Amadio	VGK	27	F	4	1	1	2	0	2	11:21	11:21	0:00	0:00	1	0	0	0	0	1	0	0	0	0	2	0	0	0	0	0.0%	1.321	1.321	2.642	1.321	1.321	2.642	0.000	0.000	0.000	0.250	0.250	0.500	4	25.0%	2	1	8	5	61.54%
162	CA	Hendrix Lapierre	WSH	21	F	4	1	1	2	0	-2	13:11	10:27	2:41	0:02	1	0	0	0	0	0	1	0	0	0	1	1	0	0	0	50.0%	1.138	1.138	2.276	1.434	0.000	1.434	0.000	5.590	5.590	0.250	0.250	0.500	7	14.3%	8	2	8	17	32.00%
163	CA	Casey Cizikas	NYI	32	F	5	1	1	2	14	-1	15:56	14:55	0:03	0:57	1	0	0	0	0	1	0	0	0	0	2	0	0	0	0	0.0%	0.753	0.753	1.506	0.804	0.804	1.608	0.000	0.000	0.000	0.200	0.200	0.400	5	20.0%	12	5	1	4	20.00%
164	US	Mike Reilly	NYI	30	D	5	1	1	2	0	-3	18:56	16:45	2:08	0:02	0	1	0	0	0	1	0	0	0	0	1	1	0	0	0	50.0%	0.633	0.633	1.267	0.000	0.716	0.716	5.607	0.000	5.607	0.200	0.200	0.400	12	8.3%	0	7	0	0	0.00%
165	CH	Kevin Fiala	LAK	27	F	5	1	1	2	4	1	18:36	15:25	3:05	0:05	1	0	0	0	0	1	0	0	0	0	2	0	0	0	0	0.0%	0.645	0.645	1.290	0.778	0.778	1.555	0.000	0.000	0.000	0.200	0.200	0.400	16	6.3%	10	2	0	0	0.00%
166	SE	Pierre Engvall	NYI	27	F	5	1	1	2	0	-1	16:22	15:19	1:01	0:01	1	0	0	0	0	0	1	0	0	0	1	1	0	0	0	50.0%	0.733	0.733	1.466	0.783	0.000	0.783	0.000	11.765	11.765	0.200	0.200	0.400	9	11.1%	4	1	5	7	41.67%
167	US	Alex Laferriere	LAK	22	F	5	1	1	2	0	0	13:08	12:42	0:16	0:10	1	0	0	0	0	1	0	0	0	0	2	0	0	0	0	0.0%	0.913	0.913	1.826	0.944	0.944	1.889	0.000	0.000	0.000	0.200	0.200	0.400	10	10.0%	22	2	0	1	0.00%
168	CA	Ryan O'Reilly	NSH	32	F	6	1	1	2	0	-1	22:31	17:32	3:40	1:18	0	1	0	0	0	1	0	0	0	0	1	1	0	0	0	50.0%	0.444	0.444	0.888	0.000	0.570	0.570	2.723	0.000	2.723	0.167	0.167	0.333	12	8.3%	1	7	69	71	49.29%
169	CA	Anthony Beauvillier	NSH	26	F	6	1	1	2	2	0	13:00	11:20	1:40	0:00	1	0	0	0	0	1	0	0	0	0	2	0	0	0	0	0.0%	0.768	0.768	1.537	0.882	0.882	1.764	0.000	0.000	0.000	0.167	0.167	0.333	9	11.1%	12	0	1	0	100.00%
170	CA	Mark Jankowski	NSH	29	F	6	1	1	2	2	-1	10:05	9:01	0:06	0:57	1	0	0	0	0	1	0	0	0	0	2	0	0	0	0	0.0%	0.992	0.992	1.983	1.108	1.108	2.217	0.000	0.000	0.000	0.167	0.167	0.333	5	20.0%	7	2	20	14	58.82%
171	CA	John Tavares	TOR	33	F	7	1	1	2	2	0	19:03	15:05	3:58	0:00	0	1	0	0	0	1	0	0	1	1	1	1	0	1	1	50.0%	0.450	0.450	0.900	0.000	0.568	0.568	2.160	0.000	2.160	0.143	0.143	0.286	22	4.6%	34	5	82	65	55.78%
172	CA	Brett Howden	VGK	25	F	7	1	1	2	0	1	13:01	12:16	0:00	0:44	1	0	0	0	0	1	0	0	0	0	2	0	0	0	0	0.0%	0.658	0.658	1.316	0.698	0.698	1.396	0.000	0.000	0.000	0.143	0.143	0.286	7	14.3%	23	5	4	9	30.77%
173	FI	Joel Kiviranta	COL	27	F	8	1	1	2	4	3	11:45	10:47	0:01	0:57	1	0	0	0	0	1	0	0	0	0	2	0	0	0	0	0.0%	0.638	0.638	1.275	0.696	0.696	1.391	0.000	0.000	0.000	0.125	0.125	0.250	7	14.3%	23	4	2	5	28.57%
174	CA	Justin Brazeau	BOS	25	F	9	1	1	2	12	1	11:56	10:29	1:26	0:00	1	0	0	0	0	1	0	0	0	0	2	0	0	0	0	0.0%	0.558	0.558	1.117	0.635	0.635	1.270	0.000	0.000	0.000	0.111	0.111	0.222	11	9.1%	35	5	0	1	0.00%
175	CA	Jordan Staal	CAR	35	F	11	1	1	2	4	4	16:39	14:56	0:05	1:38	1	0	0	0	0	1	0	0	0	0	2	0	0	0	0	0.0%	0.327	0.327	0.655	0.365	0.365	0.730	0.000	0.000	0.000	0.091	0.091	0.182	28	3.6%	49	11	115	93	55.29%
176	CA	Phil Di Giuseppe	VAN	30	F	11	1	1	2	2	1	10:22	9:26	0:00	0:56	1	0	0	0	0	1	0	0	0	0	2	0	0	0	0	0.0%	0.526	0.526	1.051	0.578	0.578	1.156	0.000	0.000	0.000	0.091	0.091	0.182	8	12.5%	36	5	0	0	0.00%
177	SE	Nils Höglander	VAN	23	F	11	1	1	2	2	-2	10:00	9:46	0:13	0:00	1	0	0	0	0	1	0	0	0	0	2	0	0	0	0	0.0%	0.545	0.545	1.091	0.558	0.558	1.116	0.000	0.000	0.000	0.091	0.091	0.182	8	12.5%	14	1	0	0	0.00%
178	US	John Beecher	BOS	22	F	12	1	1	2	2	-4	10:43	8:31	0:06	2:04	1	0	0	0	0	1	0	0	0	0	2	0	0	0	0	0.0%	0.466	0.466	0.933	0.586	0.586	1.172	0.000	0.000	0.000	0.083	0.083	0.167	13	7.7%	23	13	60	70	46.15%
179	CZ	Filip Hronek	VAN	26	D	13	1	1	2	6	-3	21:02	18:33	0:57	1:31	1	0	0	0	0	1	0	0	0	0	2	0	0	0	0	0.0%	0.219	0.219	0.439	0.249	0.249	0.498	0.000	0.000	0.000	0.077	0.077	0.154	13	7.7%	25	15	0	0	0.00%
180	FI	Kaapo Kakko	NYR	22	F	15	1	1	2	0	-4	12:06	11:42	0:24	0:00	1	0	0	0	0	1	0	0	0	0	2	0	0	0	0	0.0%	0.330	0.330	0.661	0.342	0.342	0.683	0.000	0.000	0.000	0.067	0.067	0.133	19	5.3%	20	4	4	3	57.14%
181	SE	Alexander Wennberg	NYR	29	F	16	1	1	2	4	-2	16:26	13:56	1:12	1:17	1	0	0	1	1	1	0	0	0	0	2	0	0	1	1	0.0%	0.228	0.228	0.456	0.269	0.269	0.538	0.000	0.000	0.000	0.063	0.063	0.125	13	7.7%	11	27	68	85	44.44%
182	CA	Will Cuylle	NYR	21	F	16	1	1	2	8	3	11:17	11:17	0:00	0:00	1	0	0	0	0	1	0	0	0	0	2	0	0	0	0	0.0%	0.332	0.332	0.665	0.332	0.332	0.665	0.000	0.000	0.000	0.063	0.063	0.125	18	5.6%	46	6	1	0	100.00%
183	BY	Alexei Protas	WSH	22	F	4	0	2	2	0	1	14:57	13:22	0:07	1:28	0	0	0	0	0	2	0	0	0	0	2	0	0	0	0	0.0%	0.000	2.006	2.006	0.000	2.244	2.244	0.000	0.000	0.000	0.000	0.500	0.500	8	0.0%	4	3	1	0	100.00%
184	CH	Nino Niederreiter	WPG	31	F	5	0	2	2	4	-5	13:33	11:44	1:48	0:00	0	0	0	0	0	2	0	0	0	0	2	0	0	0	0	0.0%	0.000	1.771	1.771	0.000	2.044	2.044	0.000	0.000	0.000	0.000	0.400	0.400	9	0.0%	12	3	3	3	50.00%
185	CA	Adam Pelech	NYI	29	D	5	0	2	2	4	-1	22:18	19:44	0:08	2:26	0	0	0	0	0	2	0	0	0	0	2	0	0	0	0	0.0%	0.000	1.076	1.076	0.000	1.216	1.216	0.000	0.000	0.000	0.000	0.400	0.400	4	0.0%	19	12	0	0	0.00%
186	RU	Vladislav Gavrikov	LAK	28	D	5	0	2	2	2	0	19:48	16:48	0:15	2:44	0	0	0	0	0	2	0	0	0	0	2	0	0	0	0	0.0%	0.000	1.212	1.212	0.000	1.428	1.428	0.000	0.000	0.000	0.000	0.400	0.400	2	0.0%	11	3	0	0	0.00%
187	CA	Anthony Duclair	TBL	28	F	5	0	2	2	0	-3	13:26	12:02	1:24	0:00	0	0	0	0	0	2	0	0	0	0	2	0	0	0	0	0.0%	0.000	1.786	1.786	0.000	1.993	1.993	0.000	0.000	0.000	0.000	0.400	0.400	5	0.0%	7	5	0	1	0.00%
188	DK	Nikolaj Ehlers	WPG	27	F	5	0	2	2	0	-4	15:52	14:01	1:49	0:02	0	0	0	0	0	2	0	0	0	0	2	0	0	0	0	0.0%	0.000	1.512	1.512	0.000	1.712	1.712	0.000	0.000	0.000	0.000	0.400	0.400	14	0.0%	11	2	0	0	0.00%
189	CA	Anthony Cirelli	TBL	26	F	5	0	2	2	0	-6	18:31	15:22	1:04	2:03	0	0	0	0	0	2	0	0	1	0	2	0	0	1	0	0.0%	0.000	1.296	1.296	0.000	1.560	1.560	0.000	0.000	0.000	0.000	0.400	0.400	5	0.0%	21	6	22	32	40.74%
190	US	Mason Appleton	WPG	27	F	5	0	2	2	6	-4	13:59	13:12	0:01	0:46	0	0	0	0	0	2	0	0	0	0	2	0	0	0	0	0.0%	0.000	1.715	1.715	0.000	1.818	1.818	0.000	0.000	0.000	0.000	0.400	0.400	7	0.0%	9	2	1	0	100.00%
191	US	Matt Roy	LAK	28	D	5	0	2	2	2	1	19:29	16:41	0:10	2:37	0	0	0	0	0	2	0	0	0	0	2	0	0	0	0	0.0%	0.000	1.231	1.231	0.000	1.438	1.438	0.000	0.000	0.000	0.000	0.400	0.400	5	0.0%	18	11	0	0	0.00%
192	SE	William Karlsson	VGK	30	F	7	0	2	2	0	4	15:56	13:19	0:53	1:43	0	0	0	0	0	2	0	0	0	0	2	0	0	0	0	0.0%	0.000	1.075	1.075	0.000	1.286	1.286	0.000	0.000	0.000	0.000	0.286	0.286	9	0.0%	8	5	23	18	56.10%
193	US	Anthony DeAngelo	CAR	28	D	9	0	2	2	6	-1	17:03	16:11	0:48	0:02	0	0	0	0	0	2	0	0	0	0	2	0	0	0	0	0.0%	0.000	0.782	0.782	0.000	0.823	0.823	0.000	0.000	0.000	0.000	0.222	0.222	16	0.0%	8	7	0	0	0.00%
194	CA	Parker Wotherspoon	BOS	26	D	10	0	2	2	6	-1	17:33	14:33	0:04	2:54	0	0	0	0	0	2	0	0	1	0	2	0	0	1	0	0.0%	0.000	0.684	0.684	0.000	0.824	0.824	0.000	0.000	0.000	0.000	0.200	0.200	9	0.0%	22	24	0	0	0.00%
195	US	Jalen Chatfield	CAR	27	D	11	0	2	2	12	-1	20:11	19:06	0:04	1:01	0	0	0	0	0	2	0	0	1	0	2	0	0	1	0	0.0%	0.000	0.540	0.540	0.000	0.571	0.571	0.000	0.000	0.000	0.000	0.182	0.182	15	0.0%	11	17	0	0	0.00%
196	US	Ian Cole	VAN	34	D	13	0	2	2	6	-3	16:49	14:00	0:00	2:48	0	0	0	0	0	2	0	0	0	0	2	0	0	0	0	0.0%	0.000	0.549	0.549	0.000	0.659	0.659	0.000	0.000	0.000	0.000	0.154	0.154	4	0.0%	18	27	0	0	0.00%
197	US	Patrick Maroon	BOS	35	F	13	0	2	2	18	-2	9:35	9:04	0:29	0:01	0	0	0	0	0	2	0	0	0	0	2	0	0	0	0	0.0%	0.000	0.963	0.963	0.000	1.017	1.017	0.000	0.000	0.000	0.000	0.154	0.154	5	0.0%	31	2	0	0	0.00%
198	LV	Teodors Blueger	VAN	29	F	13	0	2	2	6	-3	13:15	10:44	0:01	2:29	0	0	0	0	0	2	0	0	0	0	2	0	0	0	0	0.0%	0.000	0.696	0.696	0.000	0.859	0.859	0.000	0.000	0.000	0.000	0.154	0.154	4	0.0%	18	14	39	33	54.17%
199	US	Craig Smith	DAL	34	F	14	0	2	2	2	-2	11:13	11:11	0:00	0:02	0	0	0	0	0	2	0	0	2	0	2	0	0	2	0	0.0%	0.000	0.763	0.763	0.000	0.766	0.766	0.000	0.000	0.000	0.000	0.143	0.143	14	0.0%	25	9	4	5	44.44%
200	CA	Braden Schneider	NYR	22	D	16	0	2	2	16	0	17:32	16:41	0:01	0:48	0	0	0	0	0	2	0	0	0	0	2	0	0	0	0	0.0%	0.000	0.428	0.428	0.000	0.449	0.449	0.000	0.000	0.000	0.000	0.125	0.125	15	0.0%	32	34	0	0	0.00%
201	US	Kyle Okposo	FLA	35	F	17	0	2	2	10	-1	8:33	8:17	0:14	0:01	0	0	0	0	0	2	0	0	1	0	2	0	0	1	0	0.0%	0.000	0.825	0.825	0.000	0.851	0.851	0.000	0.000	0.000	0.000	0.118	0.118	16	0.0%	52	9	6	9	40.00%
202	CA	Christopher Tanev	DAL	34	D	19	0	2	2	6	7	22:17	20:27	0:01	1:48	0	0	0	0	0	2	0	0	0	0	2	0	0	0	0	0.0%	0.000	0.283	0.283	0.000	0.309	0.309	0.000	0.000	0.000	0.000	0.105	0.105	13	0.0%	30	73	0	0	0.00%
203	RU	Dmitri Kulikov	FLA	33	D	24	0	2	2	16	-1	13:54	12:04	0:03	1:46	0	0	0	0	0	2	0	0	1	0	2	0	0	1	0	0.0%	0.000	0.359	0.359	0.000	0.414	0.414	0.000	0.000	0.000	0.000	0.083	0.083	15	0.0%	56	25	0	0	0.00%
204	US	Nate Schmidt	WPG	32	D	3	1	0	1	0	-5	15:12	13:46	0:36	0:50	1	0	0	0	0	0	0	0	0	0	1	0	0	0	0	0.0%	1.315	0.000	1.315	1.453	0.000	1.453	0.000	0.000	0.000	0.333	0.000	0.333	4	25.0%	4	6	0	0	0.00%
205	RU	Vladislav Namestnikov	WPG	31	F	4	1	0	1	2	-3	12:13	8:45	1:43	1:44	1	0	0	0	0	0	0	0	0	0	1	0	0	0	0	0.0%	1.227	0.000	1.227	1.712	0.000	1.712	0.000	0.000	0.000	0.250	0.000	0.250	4	25.0%	8	2	3	5	37.50%
206	SE	David Gustafsson	WPG	23	F	4	1	0	1	2	-1	7:41	7:05	0:02	0:34	1	0	0	0	0	0	0	0	0	0	1	0	0	0	0	0.0%	1.950	0.000	1.950	2.115	0.000	2.115	0.000	0.000	0.000	0.250	0.000	0.250	4	25.0%	6	3	10	8	55.56%
207	CA	Connor McMichael	WSH	22	F	4	1	0	1	2	-3	16:01	11:55	2:00	2:05	1	0	0	0	0	0	0	0	0	0	1	0	0	0	0	0.0%	0.936	0.000	0.936	1.257	0.000	1.257	0.000	0.000	0.000	0.250	0.000	0.250	13	7.7%	2	0	18	28	39.13%
208	US	Tyler Motte	TBL	28	F	5	1	0	1	2	-1	9:21	7:41	0:00	1:38	1	0	0	0	0	0	0	0	0	0	1	0	0	0	0	0.0%	1.283	0.000	1.283	1.559	0.000	1.559	0.000	0.000	0.000	0.200	0.000	0.200	2	50.0%	9	2	1	2	33.33%
209	CA	Pierre-Luc Dubois	LAK	25	F	5	1	0	1	20	0	14:50	13:35	1:15	0:00	1	0	0	0	0	0	0	0	0	0	1	0	0	0	0	0.0%	0.809	0.000	0.809	0.883	0.000	0.883	0.000	0.000	0.000	0.200	0.000	0.200	4	25.0%	24	1	30	33	47.62%
210	US	Kyle MacLean	NYI	24	F	5	1	0	1	5	-1	11:54	11:54	0:00	0:00	1	0	0	0	0	0	0	0	0	0	1	0	0	0	0	0.0%	1.007	0.000	1.007	1.008	0.000	1.008	0.000	0.000	0.000	0.200	0.000	0.200	6	16.7%	7	5	17	23	42.50%
211	US	Trevor Moore	LAK	28	F	5	1	0	1	4	-1	16:53	14:10	1:36	1:07	1	0	0	0	0	0	0	0	0	0	1	0	0	0	0	0.0%	0.710	0.000	0.710	0.847	0.000	0.847	0.000	0.000	0.000	0.200	0.000	0.200	15	6.7%	11	3	1	0	100.00%
212	CZ	Jakub Lauko	BOS	23	F	5	1	0	1	2	1	9:07	9:04	0:00	0:01	1	0	0	0	0	0	0	0	0	0	1	0	0	0	0	0.0%	1.316	0.000	1.316	1.323	0.000	1.323	0.000	0.000	0.000	0.200	0.000	0.200	8	12.5%	17	1	1	1	50.00%
213	US	Blake Lizotte	LAK	26	F	5	1	0	1	2	0	10:21	8:21	0:02	1:58	1	0	0	0	0	0	0	0	0	0	1	0	0	0	0	0.0%	1.158	0.000	1.158	1.437	0.000	1.437	0.000	0.000	0.000	0.200	0.000	0.200	3	33.3%	10	3	12	12	50.00%
214	CA	Colton Sissons	NSH	30	F	6	1	0	1	6	2	16:58	13:29	2:04	1:25	1	0	0	0	0	0	0	0	0	0	1	0	0	0	0	0.0%	0.589	0.000	0.589	0.742	0.000	0.742	0.000	0.000	0.000	0.167	0.000	0.167	10	10.0%	18	8	37	40	48.05%
215	CA	Ty Dellandrea	DAL	23	F	6	1	0	1	2	0	10:44	9:37	0:00	1:07	1	0	0	1	0	0	0	0	0	0	1	0	0	1	0	0.0%	0.931	0.000	0.931	1.039	0.000	1.039	0.000	0.000	0.000	0.167	0.000	0.167	8	12.5%	10	2	7	16	30.43%
216	US	Kiefer Sherwood	NSH	28	F	6	1	0	1	0	-2	11:58	11:22	0:09	0:27	1	0	0	0	0	0	0	0	0	0	1	0	0	0	0	0.0%	0.835	0.000	0.835	0.880	0.000	0.880	0.000	0.000	0.000	0.167	0.000	0.167	4	25.0%	33	3	2	1	66.67%
217	CA	Luke Evangelista	NSH	21	F	6	1	0	1	2	0	13:22	10:17	3:05	0:00	1	0	0	0	0	0	0	0	0	0	1	0	0	0	0	0.0%	0.748	0.000	0.748	0.972	0.000	0.972	0.000	0.000	0.000	0.167	0.000	0.167	14	7.1%	2	0	0	0	0.00%
218	CZ	Tomas Hertl	VGK	30	F	7	1	0	1	2	-6	18:33	16:39	1:40	0:13	0	1	0	0	0	0	0	0	0	0	0	1	0	0	0	100.0%	0.462	0.000	0.462	0.000	0.000	0.000	5.143	0.000	5.143	0.143	0.000	0.143	14	7.1%	27	4	53	39	57.61%
219	US	Jake McCabe	TOR	30	D	7	1	0	1	4	0	21:23	17:47	1:34	2:01	1	0	0	0	0	0	0	0	0	0	1	0	0	0	0	0.0%	0.401	0.000	0.401	0.482	0.000	0.482	0.000	0.000	0.000	0.143	0.000	0.143	5	20.0%	22	13	0	1	0.00%
220	CZ	David Kämpf	TOR	28	F	7	1	0	1	0	-2	13:21	11:21	0:06	1:53	1	0	0	0	0	0	0	0	0	0	1	0	0	0	0	0.0%	0.642	0.000	0.642	0.755	0.000	0.755	0.000	0.000	0.000	0.143	0.000	0.143	10	10.0%	13	0	37	34	52.11%
221	CA	William Carrier	VGK	29	F	7	1	0	1	6	1	10:42	10:41	0:01	0:00	1	0	0	0	0	0	0	0	0	0	1	0	0	0	0	0.0%	0.800	0.000	0.800	0.802	0.000	0.802	0.000	0.000	0.000	0.143	0.000	0.143	9	11.1%	33	2	0	1	0.00%
222	CZ	Radek Faksa	DAL	29	F	8	1	0	1	2	-1	11:55	11:10	0:00	0:43	1	0	0	1	0	0	0	0	0	0	1	0	0	1	0	0.0%	0.629	0.000	0.629	0.671	0.000	0.671	0.000	0.000	0.000	0.125	0.000	0.125	8	12.5%	26	5	22	25	46.81%
223	RU	Yakov Trenin	COL	26	F	10	1	0	1	4	1	10:35	8:50	0:00	1:44	1	0	0	0	0	0	0	0	0	0	1	0	0	0	0	0.0%	0.566	0.000	0.566	0.678	0.000	0.678	0.000	0.000	0.000	0.100	0.000	0.100	8	12.5%	30	3	44	57	43.56%
224	US	Brandon Duhaime	COL	26	F	11	1	0	1	8	-2	7:45	7:30	0:00	0:14	1	0	0	0	0	0	0	0	0	0	1	0	0	0	0	0.0%	0.703	0.000	0.703	0.726	0.000	0.726	0.000	0.000	0.000	0.091	0.000	0.091	6	16.7%	39	7	0	0	0.00%
225	CA	Matthew Rempe	NYR	21	F	11	1	0	1	10	2	6:07	6:07	0:00	0:00	1	0	0	0	0	0	0	0	0	0	1	0	0	0	0	0.0%	0.891	0.000	0.891	0.892	0.000	0.892	0.000	0.000	0.000	0.091	0.000	0.091	5	20.0%	38	4	2	1	66.67%
226	CA	Tyson Barrie	NSH	32	D	1	0	1	1	0	-1	17:42	13:07	4:35	0:00	0	0	0	0	0	0	1	0	0	0	0	1	0	0	0	100.0%	0.000	3.390	3.390	0.000	0.000	0.000	0.000	13.091	13.091	0.000	1.000	1.000	0	0.00%	0	0	0	0	0.00%
227	CA	Colin Miller	WPG	31	D	1	0	1	1	0	1	14:42	13:54	0:00	0:48	0	0	0	0	0	1	0	0	0	0	1	0	0	0	0	0.0%	0.000	4.082	4.082	0.000	4.317	4.317	0.000	0.000	0.000	0.000	1.000	1.000	3	0.0%	4	1	0	0	0.00%
228	US	Brett Pesce	CAR	29	D	2	0	1	1	2	1	14:18	13:02	0:00	1:15	0	0	0	0	0	1	0	0	0	0	1	0	0	0	0	0.0%	0.000	2.098	2.098	0.000	2.300	2.300	0.000	0.000	0.000	0.000	0.500	0.500	1	0.0%	2	3	0	0	0.00%
229	RU	Mikhail Sergachev	TBL	25	D	2	0	1	1	0	-3	17:43	15:19	1:15	1:08	0	0	0	0	0	1	0	0	1	0	1	0	0	1	0	0.0%	0.000	1.693	1.693	0.000	1.958	1.958	0.000	0.000	0.000	0.000	0.500	0.500	2	0.0%	1	4	0	0	0.00%
230	CA	Logan Stanley	WPG	25	D	3	0	1	1	6	-1	9:59	9:58	0:01	0:00	0	0	0	0	0	1	0	0	0	0	1	0	0	0	0	0.0%	0.000	2.002	2.002	0.000	2.007	2.007	0.000	0.000	0.000	0.000	0.333	0.333	2	0.0%	16	3	0	0	0.00%
231	US	T.J. Oshie	WSH	37	F	4	0	1	1	4	-2	18:34	14:05	4:19	0:09	0	0	0	0	0	1	0	0	0	0	1	0	0	0	0	0.0%	0.000	0.808	0.808	0.000	1.065	1.065	0.000	0.000	0.000	0.000	0.250	0.250	3	0.0%	12	2	1	1	50.00%
232	US	Max Pacioretty	WSH	35	F	4	0	1	1	2	-2	14:33	11:01	3:32	0:00	0	0	0	0	0	0	1	0	0	0	0	1	0	0	0	100.0%	0.000	1.030	1.030	0.000	0.000	0.000	0.000	4.245	4.245	0.000	0.250	0.250	5	0.0%	3	1	1	2	33.33%
233	RU	Alexander Alexeyev	WSH	24	D	4	0	1	1	4	-2	19:13	16:36	0:30	2:06	0	0	0	0	0	1	0	0	0	0	1	0	0	0	0	0.0%	0.000	0.781	0.781	0.000	0.903	0.903	0.000	0.000	0.000	0.000	0.250	0.250	2	0.0%	6	7	0	0	0.00%
234	CA	Tanner Jeannot	TBL	26	F	4	0	1	1	2	-2	8:44	8:42	0:00	0:02	0	0	0	0	0	1	0	0	0	0	1	0	0	0	0	0.0%	0.000	1.716	1.716	0.000	1.723	1.723	0.000	0.000	0.000	0.000	0.250	0.250	3	0.0%	17	1	0	0	0.00%
235	CA	Ryan Reaves	TOR	36	F	5	0	1	1	2	-1	7:52	7:52	0:00	0:00	0	0	0	0	0	1	0	0	0	0	1	0	0	0	0	0.0%	0.000	1.525	1.525	0.000	1.525	1.525	0.000	0.000	0.000	0.000	0.200	0.200	2	0.0%	26	0	0	0	0.00%
236	CA	Robert Bortuzzo	NYI	34	D	5	0	1	1	14	-3	13:33	12:09	0:00	1:24	0	0	0	0	0	1	0	0	1	1	1	0	0	1	1	0.0%	0.000	0.885	0.885	0.000	0.988	0.988	0.000	0.000	0.000	0.000	0.200	0.200	0	0.00%	6	13	0	0	0.00%
237	CA	Phillip Danault	LAK	30	F	5	0	1	1	4	0	17:15	14:10	1:34	1:30	0	0	0	0	0	1	0	0	0	0	1	0	0	0	0	0.0%	0.000	0.695	0.695	0.000	0.847	0.847	0.000	0.000	0.000	0.000	0.200	0.200	9	0.0%	6	5	36	43	45.57%
238	CA	Dylan Demelo	WPG	30	D	5	0	1	1	2	-1	22:24	20:03	0:05	2:16	0	0	0	0	0	1	0	0	0	0	1	0	0	0	0	0.0%	0.000	0.536	0.536	0.000	0.599	0.599	0.000	0.000	0.000	0.000	0.200	0.200	5	0.0%	20	3	0	0	0.00%
239	CA	Sean Monahan	WPG	29	F	5	0	1	1	0	-1	18:21	14:43	2:08	1:29	0	0	0	0	0	0	1	0	0	0	0	1	0	0	0	100.0%	0.000	0.654	0.654	0.000	0.000	0.000	0.000	5.607	5.607	0.000	0.200	0.200	13	0.0%	6	4	42	42	50.00%
240	SK	Erik Cernak	TBL	26	D	5	0	1	1	2	0	20:38	18:01	0:08	2:29	0	0	0	0	0	1	0	0	0	0	1	0	0	0	0	0.0%	0.000	0.581	0.581	0.000	0.666	0.666	0.000	0.000	0.000	0.000	0.200	0.200	2	0.0%	24	7	0	0	0.00%
241	SE	Andreas Englund	LAK	27	D	5	0	1	1	9	1	13:04	12:26	0:00	0:38	0	0	0	0	0	1	0	0	0	0	1	0	0	0	0	0.0%	0.000	0.918	0.918	0.000	0.965	0.965	0.000	0.000	0.000	0.000	0.200	0.200	0	0.00%	25	8	0	0	0.00%
242	RU	Alexander Romanov	NYI	23	D	5	0	1	1	0	2	22:33	20:47	0:00	1:46	0	0	0	0	0	1	0	0	0	0	1	0	0	0	0	0.0%	0.000	0.532	0.532	0.000	0.577	0.577	0.000	0.000	0.000	0.000	0.200	0.200	6	0.0%	9	14	0	0	0.00%
243	CA	Noah Dobson	NYI	23	D	5	0	1	1	6	-1	24:06	22:24	1:31	0:09	0	0	0	0	0	0	1	0	0	0	0	1	0	0	0	100.0%	0.000	0.498	0.498	0.000	0.000	0.000	0.000	7.843	7.843	0.000	0.200	0.200	6	0.0%	5	7	0	0	0.00%
244	US	Alex Iafallo	WPG	30	F	5	0	1	1	0	-1	10:50	8:30	0:09	2:10	0	0	0	0	0	1	0	0	0	0	1	0	0	0	0	0.0%	0.000	1.106	1.106	0.000	1.410	1.410	0.000	0.000	0.000	0.000	0.200	0.200	1	0.0%	6	10	0	0	0.00%
245	US	Neal Pionk	WPG	28	D	5	0	1	1	4	-2	21:57	18:36	1:38	1:42	0	0	0	0	0	1	0	0	0	0	1	0	0	0	0	0.0%	0.000	0.547	0.547	0.000	0.645	0.645	0.000	0.000	0.000	0.000	0.200	0.200	5	0.0%	19	12	0	0	0.00%
246	CA	Jordan Spence	LAK	22	D	5	0	1	1	0	2	15:40	14:06	1:30	0:03	0	0	0	0	0	1	0	0	0	0	1	0	0	0	0	0.0%	0.000	0.766	0.766	0.000	0.851	0.851	0.000	0.000	0.000	0.000	0.200	0.200	5	0.0%	9	5	0	0	0.00%
247	US	Kevin Shattenkirk	BOS	34	D	6	0	1	1	0	-1	12:56	10:47	1:57	0:11	0	0	0	0	0	1	0	0	0	0	1	0	0	0	0	0.0%	0.000	0.773	0.773	0.000	0.927	0.927	0.000	0.000	0.000	0.000	0.167	0.167	4	0.0%	7	3	0	0	0.00%
248	US	Ryan McDonagh	NSH	34	D	6	0	1	1	6	-1	23:47	20:06	2:00	1:40	0	0	0	0	0	1	0	0	0	0	1	0	0	0	0	0.0%	0.000	0.420	0.420	0.000	0.497	0.497	0.000	0.000	0.000	0.000	0.167	0.167	7	0.0%	10	15	0	0	0.00%
249	SE	Timothy Liljegren	TOR	24	D	6	0	1	1	2	-1	17:52	16:19	1:13	0:19	0	0	0	0	0	1	0	0	0	0	1	0	0	0	0	0.0%	0.000	0.560	0.560	0.000	0.613	0.613	0.000	0.000	0.000	0.000	0.167	0.167	0	0.00%	12	5	0	0	0.00%
250	CA	Jeremy Lauzon	NSH	26	D	6	0	1	1	4	-2	18:29	16:53	0:02	1:33	0	0	0	0	0	1	0	0	0	0	1	0	0	0	0	0.0%	0.000	0.541	0.541	0.000	0.592	0.592	0.000	0.000	0.000	0.000	0.167	0.167	4	0.0%	23	9	0	0	0.00%
251	CA	Connor Dewar	TOR	24	F	6	0	1	1	0	-1	11:10	10:12	0:02	0:56	0	0	0	0	0	1	0	0	0	0	1	0	0	0	0	0.0%	0.000	0.895	0.895	0.000	0.980	0.980	0.000	0.000	0.000	0.000	0.167	0.167	6	0.0%	14	2	0	2	0.00%
252	CA	Alex Pietrangelo	VGK	33	D	7	0	1	1	4	0	23:18	20:46	0:40	1:51	0	0	0	0	0	1	0	0	0	0	1	0	0	0	0	0.0%	0.000	0.368	0.368	0.000	0.413	0.413	0.000	0.000	0.000	0.000	0.143	0.143	11	0.0%	9	17	0	0	0.00%
253	CA	Joel Edmundson	TOR	30	D	7	0	1	1	6	-1	18:39	16:15	0:01	2:22	0	0	0	0	0	1	0	0	0	0	1	0	0	0	0	0.0%	0.000	0.459	0.459	0.000	0.527	0.527	0.000	0.000	0.000	0.000	0.143	0.143	7	0.0%	22	12	0	0	0.00%
254	CA	Chandler Stephenson	VGK	29	F	7	0	1	1	8	-3	17:47	15:22	1:30	0:55	0	0	0	0	0	1	0	0	0	0	1	0	0	0	0	0.0%	0.000	0.482	0.482	0.000	0.558	0.558	0.000	0.000	0.000	0.000	0.143	0.143	7	0.0%	16	6	30	41	42.25%
255	SE	Jesper Boqvist	BOS	25	F	8	0	1	1	0	0	9:56	9:40	0:08	0:08	0	0	0	0	0	1	0	0	0	0	1	0	0	0	0	0.0%	0.000	0.754	0.754	0.000	0.776	0.776	0.000	0.000	0.000	0.000	0.125	0.125	4	0.0%	26	4	8	7	53.33%
256	CA	Danton Heinen	BOS	28	F	8	0	1	1	0	0	15:18	11:45	1:19	2:13	0	0	0	0	0	1	0	0	1	0	1	0	0	1	0	0.0%	0.000	0.490	0.490	0.000	0.638	0.638	0.000	0.000	0.000	0.000	0.125	0.125	10	0.0%	12	3	1	2	33.33%
257	CA	Sam Carrick	EDM	31	F	10	0	1	1	12	-1	9:14	8:38	0:02	0:33	0	0	0	0	0	1	0	0	0	0	1	0	0	0	0	0.0%	0.000	0.649	0.649	0.000	0.694	0.694	0.000	0.000	0.000	0.000	0.100	0.100	4	0.0%	31	3	56	49	53.33%
258	FI	Jesperi Kotkaniemi	CAR	23	F	11	0	1	1	4	-2	11:00	10:56	0:04	0:00	0	0	0	0	0	1	0	0	1	0	1	0	0	1	0	0.0%	0.000	0.495	0.495	0.000	0.499	0.499	0.000	0.000	0.000	0.000	0.091	0.091	15	0.0%	12	8	24	20	54.55%
259	CA	Tyler Myers	VAN	33	D	12	0	1	1	6	1	19:29	17:08	0:01	2:20	0	0	0	0	0	1	0	0	0	0	1	0	0	0	0	0.0%	0.000	0.257	0.257	0.000	0.292	0.292	0.000	0.000	0.000	0.000	0.083	0.083	7	0.0%	40	26	0	0	0.00%
260	CA	Nick Cousins	FLA	30	F	12	0	1	1	20	-1	8:41	8:39	0:02	0:00	0	0	0	0	0	1	0	0	1	0	1	0	0	1	0	0.0%	0.000	0.575	0.575	0.000	0.578	0.578	0.000	0.000	0.000	0.000	0.083	0.083	9	0.0%	18	9	0	2	0.00%
261	SE	Nils Lundkvist	DAL	23	D	12	0	1	1	2	0	4:27	4:22	0:00	0:05	0	0	0	0	0	1	0	0	0	0	1	0	0	0	0	0.0%	0.000	1.121	1.121	0.000	1.143	1.143	0.000	0.000	0.000	0.000	0.083	0.083	4	0.0%	6	3	0	0	0.00%
262	CA	Vincent Desharnais	EDM	27	D	16	0	1	1	22	-9	17:14	14:10	0:06	2:57	0	0	0	0	0	1	0	0	0	0	1	0	0	0	0	0.0%	0.000	0.217	0.217	0.000	0.264	0.264	0.000	0.000	0.000	0.000	0.063	0.063	7	0.0%	40	41	0	0	0.00%
263	US	Derek Ryan	EDM	37	F	19	0	1	1	8	-9	8:33	7:21	0:00	1:12	0	0	0	0	0	1	0	0	0	0	1	0	0	0	0	0.0%	0.000	0.369	0.369	0.000	0.429	0.429	0.000	0.000	0.000	0.000	0.053	0.053	11	0.0%	35	8	60	68	46.88%
264	US	Jake Oettinger	DAL	25	G	19	0	1	1	2						0	0	0	0	0									0	0	0.0%										0.000	0.053	0.053							
265	CA	Stuart Skinner	EDM	25	G	23	0	1	1	2						0	0	0	0	0									0	0	0.0%										0.000	0.043	0.043							
266	RU	Sergei Bobrovsky	FLA	35	G	24	0	1	1	0						0	0	0	0	0									0	0	0.0%										0.000	0.042	0.042							
267	SE	Kevin Stenlund	FLA	27	F	24	0	1	1	8	-3	11:16	8:44	0:07	2:24	0	0	0	0	0	1	0	0	0	0	1	0	0	0	0	0.0%	0.000	0.222	0.222	0.000	0.286	0.286	0.000	0.000	0.000	0.000	0.042	0.042	16	0.0%	49	11	118	111	51.53%
268	US	Blake Wheeler	NYR	37	F	1	0	0	0	2	0	9:18	9:18	0:00	0:00	0	0	0	0	0	0	0	0	0	0	0	0	0	0	0	0.0%	0.000	0.000	0.000	0.000	0.000	0.000	0.000	0.000	0.000	0.000	0.000	0.000	0	0.00%	4	2	1	0	100.00%
269	CA	T.J. Brodie	TOR	33	D	1	0	0	0	0	-2	17:10	14:23	0:11	2:36	0	0	0	0	0	0	0	0	0	0	0	0	0	0	0	0.0%	0.000	0.000	0.000	0.000	0.000	0.000	0.000	0.000	0.000	0.000	0.000	0.000	2	0.0%	2	2	0	0	0.00%
270	CA	Calvin de Haan	TBL	32	D	1	0	0	0	0	0	10:50	8:45	0:00	2:05	0	0	0	0	0	0	0	0	0	0	0	0	0	0	0	0.0%	0.000	0.000	0.000	0.000	0.000	0.000	0.000	0.000	0.000	0.000	0.000	0.000	0	0.00%	1	2	0	0	0.00%
271	RU	Ilya Sorokin	NYI	28	G	1	0	0	0	0						0	0	0	0	0									0	0	0.0%										0.000	0.000	0.000							
272	CA	Laurent Brossoit	WPG	30	G	1	0	0	0	0						0	0	0	0	0									0	0	0.0%										0.000	0.000	0.000							
273	US	Nick Jensen	WSH	33	D	1	0	0	0	2	-1	21:03	18:13	0:09	2:41	0	0	0	0	0	0	0	0	0	0	0	0	0	0	0	0.0%	0.000	0.000	0.000	0.000	0.000	0.000	0.000	0.000	0.000	0.000	0.000	0.000	1	0.0%	0	2	0	0	0.00%
274	US	Thatcher Demko	VAN	28	G	1	0	0	0	0						0	0	0	0	0									0	0	0.0%										0.000	0.000	0.000							
275	US	Anthony Stolarz	FLA	29	G	1	0	0	0	0						0	0	0	0	0									0	0	0.0%										0.000	0.000	0.000							
276	US	Patrick Brown	BOS	31	F	1	0	0	0	2	0	8:27	8:27	0:00	0:00	0	0	0	0	0	0	0	0	0	0	0	0	0	0	0	0.0%	0.000	0.000	0.000	0.000	0.000	0.000	0.000	0.000	0.000	0.000	0.000	0.000	0	0.00%	9	1	5	2	71.43%
277	CA	Ben Hutton	VGK	30	D	1	0	0	0	0	1	13:48	13:48	0:00	0:00	0	0	0	0	0	0	0	0	0	0	0	0	0	0	0	0.0%	0.000	0.000	0.000	0.000	0.000	0.000	0.000	0.000	0.000	0.000	0.000	0.000	1	0.0%	2	3	0	0	0.00%
278	CA	Maxime Comtois	CAR	24	F	1	0	0	0	0	-1	6:19	6:19	0:00	0:00	0	0	0	0	0	0	0	0	0	0	0	0	0	0	0	0.0%	0.000	0.000	0.000	0.000	0.000	0.000	0.000	0.000	0.000	0.000	0.000	0.000	0	0.00%	3	2	0	0	0.00%
279	CA	Nicolas Hague	VGK	25	D	1	0	0	0	0	0	15:41	14:01	0:00	1:40	0	0	0	0	0	0	0	0	0	0	0	0	0	0	0	0.0%	0.000	0.000	0.000	0.000	0.000	0.000	0.000	0.000	0.000	0.000	0.000	0.000	1	0.0%	4	0	0	0	0.00%
280	SE	Axel Jonsson Fjällby	WPG	25	F	1	0	0	0	0	-1	6:52	6:45	0:07	0:00	0	0	0	0	0	0	0	0	0	0	0	0	0	0	0	0.0%	0.000	0.000	0.000	0.000	0.000	0.000	0.000	0.000	0.000	0.000	0.000	0.000	0	0.00%	1	0	0	0	0.00%
281	RU	Pyotr Kochetkov	CAR	24	G	1	0	0	0	0						0	0	0	0	0									0	0	0.0%										0.000	0.000	0.000							
282	SE	Rasmus Sandin	WSH	23	D	1	0	0	0	2	0	20:44	19:17	1:24	0:03	0	0	0	0	0	0	0	0	0	0	0	0	0	0	0	0.0%	0.000	0.000	0.000	0.000	0.000	0.000	0.000	0.000	0.000	0.000	0.000	0.000	0	0.00%	4	2	0	0	0.00%
283	RU	Pavel Dorofeyev	VGK	23	F	1	0	0	0	0	0	7:11	7:06	0:00	0:05	0	0	0	0	0	0	0	0	0	0	0	0	0	0	0	0.0%	0.000	0.000	0.000	0.000	0.000	0.000	0.000	0.000	0.000	0.000	0.000	0.000	0	0.00%	0	0	0	1	0.00%
284	RU	Ruslan Iskhakov	NYI	23	F	1	0	0	0	0	0	5:58	5:58	0:00	0:00	0	0	0	0	0	0	0	0	0	0	0	0	0	0	0	0.0%	0.000	0.000	0.000	0.000	0.000	0.000	0.000	0.000	0.000	0.000	0.000	0.000	0	0.00%	0	1	0	0	0.00%
285	CA	Cole Perfetti	WPG	21	F	1	0	0	0	0	0	10:56	10:56	0:00	0:00	0	0	0	0	0	0	0	0	0	0	0	0	0	0	0	0.0%	0.000	0.000	0.000	0.000	0.000	0.000	0.000	0.000	0.000	0.000	0.000	0.000	3	0.0%	3	0	0	1	0.00%
286	CA	Vinny Iorio	WSH	21	D	1	0	0	0	0	-1	1:50	1:50	0:00	0:00	0	0	0	0	0	0	0	0	0	0	0	0	0	0	0	0.0%	0.000	0.000	0.000	0.000	0.000	0.000	0.000	0.000	0.000	0.000	0.000	0.000	0	0.00%	0	0	0	0	0.00%
287	CA	Mavrik Bourque	DAL	21	F	1	0	0	0	0	0	7:56	7:56	0:00	0:00	0	0	0	0	0	0	0	0	0	0	0	0	0	0	0	0.0%	0.000	0.000	0.000	0.000	0.000	0.000	0.000	0.000	0.000	0.000	0.000	0.000	2	0.0%	1	0	0	0	0.00%
288	FI	Juuso Pärssinen	NSH	22	F	1	0	0	0	0	0	15:11	15:11	0:00	0:00	0	0	0	0	0	0	0	0	0	0	0	0	0	0	0	0.0%	0.000	0.000	0.000	0.000	0.000	0.000	0.000	0.000	0.000	0.000	0.000	0.000	1	0.0%	2	1	0	0	0.00%
289	RU	Ivan Miroshnichenko	WSH	19	F	1	0	0	0	0	0	9:31	9:31	0:00	0:00	0	0	0	0	0	0	0	0	0	0	0	0	0	0	0	0.0%	0.000	0.000	0.000	0.000	0.000	0.000	0.000	0.000	0.000	0.000	0.000	0.000	2	0.0%	3	0	0	0	0.00%
290	SE	Linus Ullmark	BOS	30	G	2	0	0	0	0						0	0	0	0	0									0	0	0.0%										0.000	0.000	0.000							
291	US	Chris Wagner	COL	32	F	2	0	0	0	0	0	8:43	8:43	0:00	0:00	0	0	0	0	0	0	0	0	0	0	0	0	0	0	0	0.0%	0.000	0.000	0.000	0.000	0.000	0.000	0.000	0.000	0.000	0.000	0.000	0.000	0	0.00%	10	0	5	4	55.56%
292	CZ	David Rittich	LAK	31	G	2	0	0	0	0						0	0	0	0	0									0	0	0.0%										0.000	0.000	0.000							
293	US	Casey DeSmith	VAN	32	G	2	0	0	0	0						0	0	0	0	0									0	0	0.0%										0.000	0.000	0.000							
294	CA	Noah Gregor	TOR	25	F	2	0	0	0	0	-1	8:04	8:04	0:00	0:00	0	0	0	0	0	0	0	0	0	0	0	0	0	0	0	0.0%	0.000	0.000	0.000	0.000	0.000	0.000	0.000	0.000	0.000	0.000	0.000	0.000	1	0.0%	7	1	0	0	0.00%
295	RU	Nikolai Kovalenko	COL	24	F	2	0	0	0	0	-1	6:48	6:48	0:00	0:00	0	0	0	0	0	0	0	0	0	0	0	0	0	0	0	0.0%	0.000	0.000	0.000	0.000	0.000	0.000	0.000	0.000	0.000	0.000	0.000	0.000	1	0.0%	5	0	1	0	100.00%
296	CA	Noah Juulsen	VAN	26	D	2	0	0	0	4	-1	12:54	10:56	0:04	1:54	0	0	0	0	0	0	0	0	0	0	0	0	0	0	0	0.0%	0.000	0.000	0.000	0.000	0.000	0.000	0.000	0.000	0.000	0.000	0.000	0.000	1	0.0%	11	1	0	0	0.00%
297	CA	Lucas Johansen	WSH	26	D	2	0	0	0	0	0	14:00	13:59	0:00	0:01	0	0	0	0	0	0	0	0	0	0	0	0	0	0	0	0.0%	0.000	0.000	0.000	0.000	0.000	0.000	0.000	0.000	0.000	0.000	0.000	0.000	2	0.0%	1	0	0	0	0.00%
298	US	Nicklaus Perbix	TBL	25	D	2	0	0	0	2	0	17:37	17:33	0:04	0:00	0	0	0	0	0	0	0	0	0	0	0	0	0	0	0	0.0%	0.000	0.000	0.000	0.000	0.000	0.000	0.000	0.000	0.000	0.000	0.000	0.000	4	0.0%	7	3	0	0	0.00%
299	SE	Linus Karlsson	VAN	24	F	2	0	0	0	2	-1	9:54	9:54	0:00	0:00	0	0	0	0	0	0	0	0	0	0	0	0	0	0	0	0.0%	0.000	0.000	0.000	0.000	0.000	0.000	0.000	0.000	0.000	0.000	0.000	0.000	0	0.00%	1	0	0	0	0.00%
300	RU	Vasili Podkolzin	VAN	22	F	2	0	0	0	10	1	8:31	8:29	0:02	0:00	0	0	0	0	0	0	0	0	0	0	0	0	0	0	0	0.0%	0.000	0.000	0.000	0.000	0.000	0.000	0.000	0.000	0.000	0.000	0.000	0.000	2	0.0%	6	1	0	0	0.00%
